sheet,row_index,codigo,nome_cientifico,nome_popular,filo,classe,ordem,familia,genero,especie,localizacao,data_coleta,origem,coletor,taxonomia_id,localidade_id,especie_id,status,error,action
FRUTOS,1,FR.1,Punica granatum,Romã,Antophyta,Magnoliopsida,Myrtales,Lythraceae,,Punica granatum L.,"R. Emilia Magalhaes, Conego Marinho - MG",,Cultivada,Lairton,,,,,,
FRUTOS,2,FR.2,Bixa orellana,Urucum,Antophyta,Magnoliopsida,Malvales,Bixaceae,,Bixa orellana L.,"R. Emilia Magalhaes, Conego Marinho - MG",,Nativa,Adriele,,,,,,
FRUTOS,3,FR.3,Hymeneas courbaril,Jatobá,Antophyta,Magnoliopsida,Fabales,Fabaceae,,Hymenaea courbaril L.,Juvenilha - MG,,Nativa,Camila Lopo,,,,,,
FRUTOS,4,FR.4,Gossypium hirsutum,Algodoeiro,Antophyta,Magnoliopsida,Malvales,Malvaceae,,Gossypium hirsutum,Januária - MG,,Naturalizada,Hellem,,,,,,
FRUTOS,5,FR.5,Copaifera langsdorffii,Copaiba,Antophyta,Magnoliopsida,Fabales,Fabaceae,,Copaifera langsdorffii,Bonito de Minas - MG,,Nativa,Arthur Ferreira,,,,,,
FRUTOS,6,FR.6,Allagoptera arenaria,Guriri,Antophyta,Magnoliopsida,Arecales,Arecaceae,,Allagoptera arenaria,Zona rural de Januária - MG,,Nativa,Vitória Alves Sales,,,,,,
FRUTOS,7,FR.7,Senna rugosa,Casiruba,Antophyta,Magnoliopsida,Fabales,Fabaceae,,Senna rugosa,Bonito de Minas - MG,,Nativa,Camila Lopo,,,,,,
FRUTOS,8,FR.8,Caryocar brasiliense,Pequi,Antophyta,Magnoliopsida,Malpighiales,Caryocaraceae,,Caryocar brasiliense,Bonito de Minas - MG,,Nativa,Camila Lopo,,,,,,
FRUTOS,9,FR.9,Duguetia furfuraceae,Pinha-do-guara,Antophyta,Magnoliopsida,Magnoliales,Annonaceae,,Duguetia furfuracea,Zona rural de Januária - MG,,Nativa,Vitória Alves Sales,,,,,,
FRUTOS,10,FR.10,Psidium guajara,Goiaba,Antophyta,Magnoliopsida,Myrtales,Myrtaceae,,Psidium guajara L,"R. Asterio F. Chaves, 33 - Januaria MG",,Naturalizada,Caroline,,,,,,
FRUTOS,11,FR.11,Malpighia emarginata,Acerola,Antophyta,Magnoliopsida,Malpighiales,Malpighiaceae,,Malpighia emarginata,"R. Asterio F. Chaves, 33 - Januaria MG",,Cultivada,Caroline,,,,,,
FRUTOS,12,FR.12,Sapindus saponaria,Saboneteira,Antophyta,Magnoliopsida,Sapindales,Sapindaceae,,Sapindus saponaria,IFNMG - Campus Januária,,Nativa,Higor Amauri,,,,,,
FRUTOS,13,FR.13,Magonia pubescens,Tingiubola,Antophyta,Magnoliopsida,Sapindales,Sapindaceae,,Magonia pubescens,Bonito de Minas - MG,,Nativa,Camila Lopo,,,,,,
FRUTOS,14,FR.14,Passiflora cincinnata,Maracujá-do-mato,Antophyta,Magnoliopsida,Malpighiales,Passifloraceae,,Passiflora cincinnata,IFNMG - Campus Januária,,Nativa,Camila Lopo,,,,,,
FRUTOS,15,FR.15,Citrus Limomum,Limão,Antophyta,Magnoliopsida,Sapindales,Rutaceae,,Citrus Limonum,Itacarambi - MG,,Cultivada,Lucas Monteiro,,,,,,
FRUTOS,16,FR.16,Annona squamosa,Pinha,Antophyta,Magnoliopsida,Magnoliales,Annonaceae,,Annona squamosa,"R. Emilia Magalhaes, Conego Marinho - MG",,Cultivada,Adriele,,,,,,
FRUTOS,17,FR.17,Annona squamosa,Pinha,Antophyta,Magnoliopsida,Magnoliales,Annonaceae,,Annona squamosa,IFNMG - Campus Januária,,Cultivada,Camila Lopo,,,,,,
FRUTOS,18,FR.18,Enterolobium contortisiliquun,Tamboril,Antophyta,Magnoliopsida,Fabales,Fabaceae,,Enterolobium contortisiliquun,Desconhecido,,Nativa,Desconhecido,,,,,,
FRUTOS,19,FR.19,Bidens pilosa var. minor,Picão Preto,Antophyta,Magnoliopsida,Asterales,Asteraceae,,Bidens pilosa var. minor,Desconhecido,,Nativa,Desconhecido,,,,,,
FRUTOS,20,FR.20,Triplaris americana,Pau Formiga,Antophyta,Magnoliopsida,Caryophyllales,Polygonaceae,,Triplaris americana,Desconhecido,,Nativa,Desconhecido,,,,,,
FRUTOS,21,FR. 21,Zea mays,Milho,Antophyta,Magnoliopsida,Poales,Poaceae,,Zea mays L,Desconhecido,,Cultivada,Desconhecido,,,,,,
FRUTOS,22,FR.22,Helianthus annus,Girassol,Antophyta,Magnoliopsida,Asterales,Asteraceae,,Helianthus annus L,Desconhecido,,Cultivada,Desconhecido,,,,,,
FRUTOS,23,FR.23,Tipuana tipu,Tipuana,Antophyta,Magnoliopsida,Fabales,Fabaceae,,Tipuana tipu (Benth.) Kuntze,Desconhecido,,Cultivada,Desconhecido,,,,,,
FRUTOS,24,FR.24,Triplaris americana L.,Pau Formiga,Antophyta,Magnoliopsida,Caryophyllales,Polygonaceae,,Triplaris americana L.,Desconhecido,,Nativa,Desconhecido,,,,,,
FRUTOS,25,FR.25,Tipuana tipu,Tipuana,Antophyta,Magnoliopsida,Fabales,Fabaceae,,Tipuana tipu (Benth.) Kuntze,Desconhecido,,Cultivada,Desconhecido,,,,,,
FRUTOS,26,FR.26,Cedrela fissilis,Cedro Vermelho,Antophyta,Magnoliopsida,Sapindales,Meliaceae,,Cedrela fissilis,Desconhecido,,Nativa,Desconhecido,,,,,,
FRUTOS,27,FR.27,Anacardium occidentale L.,Caju,Antophyta,Magnoliopsida,Sapindales,Anacardiaceae,,Anacardium occidentale L.,Desconhecido,,Nativa,Desconhecido,,,,,,
FRUTOS,28,FR.28,Handroanthus albuns,Ipê - amarelo,Antophyta,Magnoliopsida,Lamiales,Bignoniaceae,,Handroanthus albus (Cham.) Mattos,Desconhecido,,Nativa,Desconhecido,,,,,,
FRUTOS,29,FR.29,Arachis hypogaea L.,Amendoim,Antophyta,Magnoliopsida,Fabales,Fabaceae,,Arachis hypogaea L.,Desconhecido,,Naturalizada,Desconhecido,,,,,,
FRUTOS,30,FR.30,Bixa orellana,Urucum,Antophyta,Magnoliopsida,Malvales,Bixaceae,,Bixa orellana L.,Desconhecido,,Nativa,Desconhecido,,,,,,
FRUTOS,31,FR.31,Senna siamea,Jucá,Antophyta,Magnoliopsida,Fabales,Fabaceae,,Senna siamea (Lam.),Desconhecido,,Nativa,Desconhecido,,,,,,
FRUTOS,32,FR.32,Asclepias curassavica L.,Pepino de Seda,Antophyta,Magnoliopsida,Gentianales,Apocynaceae,,Asclepias curassavica L.,Desconhecido,,Nativa,Desconhecido,,,,,,
FRUTOS,33,FR.33,Schizolobium parahyba,Guapuruvu,Antophyta,Magnoliopsida,Fabales,Fabaceae,,Schizolobium parahyba (Vell.),Desconhecido,,Nativa,Desconhecido,,,,,,
FRUTOS,34,FR.34,Hymenaea courbaril,Jatobá,Antophyta,Magnoliopsida,Fabales,Fabaceae,,Hymenaea courbaril var. stilbocarpa,Desconhecido,,Nativa,Desconhecido,,,,,,
FRUTOS,35,FR.35,Tipuana tipu,Tipuana,Antophyta,Magnoliopsida,Fabales,Fabaceae,,Tipuana tipu,Desconhecido,,Nativa,Desconhecido,,,,,,
FRUTOS,36,FR.36,Cedrela odorata L.,Cedro Cheiroso,Antophyta,Magnoliopsida,Sapindales,Meliaceae,,Cedrela odorata L.,Desconhecido,,Nativa,Desconhecido,,,,,,
FRUTOS,37,FR.37,Helianthus annus,Girassol,Antophyta,Magnoliopsida,Asterales,Asteraceae,,Helianthus annuus L,Desconhecido,,Cultivada,Desconhecido,,,,,,
FRUTOS,38,FR.38,Albizia julibrissin,Albizía,Antophyta,Magnoliopsida,Fabales,Fabaceae,,Albizia julibrissin Durazz.,Desconhecido,,Cultivada,Desconhecido,,,,,,
FRUTOS,39,FR.39,Ricinus communis,Mamoma,Antophyta,Magnoliopsida,Malpighiales,Euphorbiaceae,,Ricinus communis L,Desconhecido,,Naturalizada,Desconhecido,,,,,,
FRUTOS,40,FR.40,Bixa orellana,Urucum,Antophyta,Magnoliopsida,Malvales,Bixaceae,,Bixa orellana L.,Desconhecido,,Nativa,Desconhecido,,,,,,
FRUTOS,41,FR.41,Morus nigra,Amora,Antophyta,Magnoliopsida,Rosales,Moraceae,,Morus nigra L,Desconhecido,,Cultivada,Desconhecido,,,,,,
FRUTOS,42,FR.42,Cucurbita pepo,Abobora,Antophyta,Magnoliopsida,Curcubitales,Cucurbitaceae,,Cucurbita pepo L,Desconhecido,,Cultivada,Desconhecido,,,,,,
FRUTOS,43,FR.43,Malus domestica,Maça,Antophyta,Magnoliopsida,Rosales,Rosaceae,,Malus domestica Borkh.,Desconhecido,,Cultivada,Desconhecido,,,,,,
FRUTOS,44,FR.44,Ananas comosus,Abacaxi,Antophyta,Liliopsida,Poales,Bromeliaceae,,Ananas comosus,Desconhecido,,Nativa,Desconhecido,,,,,,
FRUTOS,45,FR.45,Ricinus communis,Mamoma,Antophyta,Magnoliopsida,Malpighiales,Euphorbiaceae,,Ricinus communis,Desconhecido,,Nativa,"Flávia, Juliana, Sara",,,,,,
FRUTOS,46,FR. 46,Annona squamosa,Pinha,Antophyta,Magnoliopsida,Magnoliales,Annonaceae,,Annona squamosa,Desconhecido,,Cultivada,Desconhecido,,,,,,
FRUTOS,47,FR. 47,Malpighia emarginata,Acerola,Antophyta,Magnoliopsida,Malpighiales,Malpighiaceae,,Malpighia emarginata,Desconhecido,,Cultivada,"Flávia, Juliana, Sara",,,,,,
FRUTOS,48,FR.48,Annona cherimola,Atemoia,Antophyta,Magnoliopsida,Magnoliales,Annonaceae,,Annona cherimola,Desconhecido,,Cultivada,Desconhecido,,,,,,
FRUTOS,49,FR. 49,Carica papaya,Mamão,Antophyta,Magnoliopsida,Brassicales,Caricaceae,,Carica papaya,Desconhecido,,Naturalizada,Desconhecido,,,,,,
FRUTOS,51,FR.50,Hymenaea courbaril,Jatobá,Antophyta,Magnoliopsida,Fabales,Fabaceae,,courbaril var. stilbocarpa,Desconhecido,,Nativa,"Ana Luisa, Gisele e Cyrus",,,,,,
FRUTOS,52,FR.51,Jatropha gossypiifolia,Pinhão-roxo,Antophyta,Magnoliopsida,Malpighiales,Euphorbiaceae,,gossypiifolia,Desconhecido,,Nativa,Desconhecido,,,,,,
FRUTOS,53,FR.52,Talisia esculenta,Pitomba,Antophyta,Magnoliopsida,Sapindales,Sapindaceae,,esculenta,Desconhecido,,Nativa,Desconhecido,,,,,,
FRUTOS,54,FR.53,Hymenaea courbaril,Jatobá,Antophyta,Magnoliopsida,Fabales,Fabaceae,,courbaril var. stilbocarpa,Desconhecido,,Nativa,Leví,,,,,,
FRUTOS,55,FR.54,Genipa americana,Jenipapo,Antophyta,Magnoliopsida,Gentianales,Rubiaceae,,americana,"15°27'11,4""S e 44°22'13,1""W",,Nativa,Andreza Coutinho,,,,,,
FRUTOS,56,FR.55,Enterolobium contortisiliquum,Tamboril,Antophyta,Magnoliopsida,Fabales,Fabaceae,,contortisiliquum,Pedras de Maria da Cruz-MG,,Nativa,Samuel Amorim,,,,,,
FRUTOS,57,FR.56,Libidibia ferrea,Pau ferro,Antophyta,Magnoliopsida,Fabales,Fabaceae,,ferrea,IFNMG - Campus Januária,,Nativa,Laressa Gomes,,,,,,
FRUTOS,58,FR.57,Gossipium hirsutum,Algodão,Antophyta,Magnoliopsida,Malvales,Malvaceae,,hirsutum,Desconhecido,,Nativa,Desconhecido,,,,,,
FRUTOS,59,FR.58,Manihot esculenta,Mandioca,Antophyta,Magnoliopsida,Malpighiales,Euphorbiaceae,,esculenta,Desconhecido,,Nativa,Desconhecido,,,,,,
FRUTOS,60,FR.59,Duranta repens,Pingo de ouro,Antophyta,Magnoliopsida,Lamiales,Verbenaceae,,repens,"15º28'25,3''S 44º21'52,3''W",,Nativa,Laressa Gomes,,,,,,
FRUTOS,61,FR.60,Pachira glabra,Castanha do Maranhão,Antophyta,Magnoliopsida,Malvales,Malvaceae,,glabra,Desconhecido,,Nativa,Desconhecido,,,,,,
FRUTOS,62,FR.61,Zeyheria tuberculosa,Ipê Felpudo,Antophyta,Magnoliopsida,Lamiales,Bignoniaceae,,tuberculosa,Desconhecido,,Nativa,Desconhecido,,,,,,
FRUTOS,63,FR.62,Allamanda cathartica,Allamanda,Antophyta,Magnoliopsida,Gentianales,Apocynaceae,,cathartica,Desconhecido,,Nativa,Desconhecido,,,,,,
FRUTOS,64,FR.63,Mauritia flexuosa,Buriti,Antophyta,Liliopsida,Arecales,Arecaceae,,flexuosa,Desconhecido,,Nativa,Desconhecido,,,,,,
FRUTOS,65,FR.64,Eugenia uniflora,Pitanga,Antophyta,Magnoliopsida,Myrtales,Myrtaceae,,uniflora,Desconhecido,,nativa,Desconhecido,,,,,,
FRUTOS,66,FR.65,Bixa orellana,Urucum,Antophyta,Magnoliopsida,Malvales,Bixaceae,,orellana,Desconhecido,,nativa,Desconhecido,,,,,,
FRUTOS,67,FR.66,Hymenaea courbaril,Jatobá,Antophyta,Magnoliopsida,Fabales,Fabaceae,,courbaril,Desconhecido,,nativa,Desconhecido,,,,,,
FRUTOS,68,FR.67,Hymenaea courbaril,Jatobá,Antophyta,Magnoliopsida,Fabales,Fabaceae,,courbaril,Desconhecido,,nativa,Desconhecido,,,,,,
FRUTOS,69,FR.68,Malpighia glabra L.,Acerola,Antophyta,Magnoliopsida,Malpighiales,Malpighiaceae,,glabra,Desconhecido,,Cultivada,Desconhecido,,,,,,
FRUTOS,70,FR.69,Magonia pubescens,Tingui,,,,,,,Desconhecido,,Nativa,Desconhecido,,,,,,
FRUTOS,71,FR. 70,Jacaranda mimosifolia,Jacarandá Mimoso,,,,,,,Desconhecido,,,"Ana Luisa, Gisele e Cyrus",,,,,,
FRUTOS,72,FR. 71,Magonia pubescens,Tingui,,,,,,,Desconhecido,,,Desconhecido,,,,,,
FRUTOS,73,FR. 72,Magonia pubescens,Tingui,,,,,,,Desconhecido,,,Desconhecido,,,,,,
FRUTOS,74,FR. 73,Attalea speciosa,Coco Babaçu,,,,,,,"-15.458262, -44.357786",,,"Cyrus, Ana Luiza e Gisele",,,,,,
FRUTOS,75,FR.74,Anandenanthera colubrina,Angico branco,,,,,,,"15.360915, -44.613634",,,"Ana Luiza, Cyrus e Gisele",,,,,,
FRUTOS,76,FR. 75,Anacardium occidentale L.,Caju,,,,,,,Desconhecido,,,Desconhecido,,,,,,
FRUTOS,77,FR. 76,Bixa orellana,Urucum,,,,,,,IFNMG- Campus Januária,,,Samuel Amorim,,,,,,
FRUTOS,78,FR. 77,Andira Fraxinifolia,Angelim Doce,,,,,,,Bonito de Minas - MG,,,Alteone Ribeiro,,,,,,
FRUTOS,79,FR. 78,Jacaranda mimosifolia,Jacarandá Mimoso,,,,,,,Desconhecido,,,Desconhecido,,,,,,
FRUTOS,80,FR. 79,Doguetia Furfuracea,Pinha Brava,,,,,,,Bonito de Minas - MG,,,Alteone Barbosa,,,,,,
FRUTOS,81,FR. 80,Libidibia ferrea,,,,,,,,,,,,,,,,,
FRUTOS,82,FR. 81,Sarcomphalus joazeiro,Juá-Branco,,,,,,,Desconhecido,,,Desconhecido,,,,,,
FRUTOS,83,FR. 82,Guazuma ulmifolia,Mutamba,,,,,,,Desconhecido,,,Desconhecido,,,,,,
FRUTOS,84,FR. 83,Annona squamosa,Pinha,,,,,,,Desconhecido,,,Desconhecido,,,,,,
FRUTOS,85,FR. 84,Caryocar brasiliense,Pequi,,,,,,,"-15.4922718, -44.7548830",,,"Cyrus Pereira Araújo, Ana Luisa e Gisele",,,,,,
FRUTOS,86,FR. 85,Annona muricata L.,Graviola,,,,,,,Desconhecido,,,Desconhecido,,,,,,
FRUTOS,87,FR. 86,Spondias dulcis,Cajá manga,,,,,,,Desconhecido,,,Desconhecido,,,,,,
FRUTOS,88,FR. 87,Averrhoa carambola,Carambola,,,,,,,Desconhecido,,,Desconhecido,,,,,,
FRUTOS,89,FR. 88,Libidibia ferrea,Jucá,,,,,,,Desconhecido,,,Desconhecido,,,,,,
FRUTOS,90,FR. 99,Genipa americana,Jenipapo,,,,,,,Desconhecido,,,Desconhecido,,,,,,
FRUTOS,91,FR. 100,Solanum americanum,Maria Peba,,,,,,,,,,,,,,,,
Anacardiaceae A1,92,A1.1,Anacardium occidentale L.,Cajueiro,Anthophyta,Magnoliopsida,Sapindales,Anacardiaceae,,Anacardium occidentale,Bonito de Minas,,Nativa,Juliana,,,,,,
Anacardiaceae A1,93,A1.2,Anacardium occidentale L.,Cajueiro,Anthophyta,Magnoliopsida,Sapindales,Anacardiaceae,,Anacardium occidentale.,IFNMG - Campus Januária,,Nativa,Nathan Borges,,,,,,
Anacardiaceae A1,94,A1.3,Anacardium occidentale L.,Cajueiro,Anthophyta,Magnoliopsida,Sapindales,Anacardiaceae,,Anacardium occidentale,Brejo do amparo - MG,,Nativa,Lana Centny Alves Santos,,,,,,
Anacardiaceae A1,95,A1.4,Anacardium occidentale L.,Cajueiro,Anthophyta,Magnoliopsida,Sapindales,Anacardiaceae,,Anacardium occidentale,IFNMG - Januária MG,,Nativa,Yana Santos Silva,,,,,,
Anacardiaceae A1,96,A1.5,Anacardium occidentale L.,Cajueiro,Anthophyta,Magnoliopsida,Sapindales,Anacardiaceae,,Anacardium occidentale,Juvenília - MG,,Nativa,Camila Lopo,,,,,,
Anacardiaceae A1,97,A1.6,Anacardium occidentale L.,Cajueiro,Anthophyta,Magnoliopsida,Sapindales,Anacardiaceae,,Anacardium occidentale L.,IFNMG - Campus Januária,,Nativa,Ana Flávia,,,,,,
Anacardiaceae A1,98,A1.7,Mangifera indica,Manga,Anthophyta,Magnoliopsida,Sapindales,Anacardiaceae,,Mangifera indica,IFNMG - Januária MG,,Naturalizada,Higor Anauri,,,,,,
Anacardiaceae A1,99,A1.8,Mangifera indica L.,Manga,Anthophyta,Magnoliopsida,Sapindales,Anacardiaceae,,Mangifera indica L.,Cônego Marinho - MG,,Naturalizada,"Adriele, Caroline, Laires, Lairton, Hellen, Neila, William.",,,,,,
Anacardiaceae A1,100,A1.9,Anacardium humile,Cajuzinho do cerrado,Anthophyta,Magnoliopsida,Sapindales,Anacardiaceae,,Anacardium humile,"Zona Rural - Km 18, Januária MG.",,Nativa,Vitoria Alves Sales,,,,,,
Anacardiaceae A1,101,A1.10,Spodias purpurea,Ciriguela,Anthophyta,Magnoliopsida,Sapindales,Anacardiaceae,,Spodias purpurea,IFNMG - Campus Januária MG,,Naturalizada,Alane Cristina de Sousa Campos,,,,,,
Anacardiaceae A1,102,A1.11,Mangifera indica,Mangueira,Anthophyta,Magnoliopsida,Sapindales,Anacardiaceae,,Mangifera indica,IFNMG - Januária-MG,,Naturalizada,Brenda,,,,,,
Anacardiaceae A1,103,A1.12,Anacardium occidentale L.,Cajueiro,Anthophyta,Magnoliopsida,Sapindales,Anacardiaceae,,Anacardium occidentale,"Riacho da cruz, Januária - MG",,Nativa,Milena Nery Santos,,,,,,
Anacardiaceae A1,104,A1.13,Anacardium occidentale L.,Cajueiro,Anthophyta,Magnoliopsida,Sapindales,Anacardiaceae,,Anacardium occidentale,Januária - MG,,Nativa,Beatriz Ribeiro,,,,,,
Anacardiaceae A1,105,A1.14,Mangifera indica,Mangueira,Anthophyta,Magnoliopsida,Sapindales,Anacardiaceae,,Mangifera indica L.,"Bom Jardim, Januária - MG",,Naturalizada,Daniel,,,,,,
Anacardiaceae A1,106,A1.15,Mangifera indica,Mangueira,Anthophyta,Magnoliopsida,Sapindales,Anacardiaceae,,Mangifera indica L.,IFNMG - Campus Januária MG,,Naturalizada,Leonardo Pazeno,,,,,,
Anacardiaceae A1,107,A1.16,Anacardium occidentale L.,cajueiro,Anthophyta,Magnoliopsida,Sapindales,Anacardiaceae,,Anacardium occidentale,Fazenda conceição - Riacho da Cruz - Januária - MG,,Nativa,Maria Salete R. de Oliveira,,,,,,
Anacardiaceae A1,108,A1.17,Anacardium occidentale L.,Cajueiro,Anthophyta,Magnoliopsida,Sapindales,Anacardiaceae,,Anacardium occidentale,Januária - MG,,Nativa,Nilmara Mendes,,,,,,
Anacardiaceae A1,109,A1.18,Anacardium occidentale L.,Cajueiro,Anthophyta,Magnoliopsida,Sapindales,Anacardiaceae,,Anacardium occidentale,Januária - MG,,Nativa,Tauana,,,,,,
Anacardiaceae A1,110,A1.19,Schinus terebinthifolia,Aroeira,Anthophyta,Magnoliopsida,Sapindales,Anacardiaceae,,Schinus terebinthifolia,Riaho da Cruz - Januaria MG,,Nativa,Maria Clara Ferreira Cabral,,,,,,
Anacardiaceae A1,111,A1.20,Anacardium occidentale L.,Caju,Anthophyta,Magnoliopsida,Sapindales,Anacardiaceae,,Anacardium occidentale,IFNMG - Campus Januária,,Nativa,Ana Alice,,,,,,
Anacardiaceae A1,112,A1.21,Anacardium occidentale L.,Caju,Anthophyta,Magnoliopsida,Sapindales,Anacardiaceae,,Anacardium occidentale,Desconhecido,,Nativa,Anny Karoline Mota,,,,,,
Anacardiaceae A1,114,A1.22,Anacardium occidentale L.,Caju,Anthophyta,Magnoliopsida,Sapindales,Anacardiaceae,,Anacardium occidentale,15º 26' 49'' S 44º 22' 06'' W,,Nativa,Samuel Rodrigues dos Santos,,,,,,
Anacardiaceae A1,115,A1.23,Anacardium occidentale L.,Caju,Anthophyta,Magnoliopsida,Sapindales,Anacardiaceae,,Anacardium occidentale,Ao lado do refeitório entrada do setor de olericultura IFNMG - Campus Januária 15º 26' 57.43'' S 44º 22' 0.62'' O,,Nativa,Tiago de Souza Rodrigues,,,,,,
Anacardiaceae A1,116,A1.24,Anacardium occidentale L.,Caju,Anthophyta,Magnoliopsida,Sapindales,Anacardiaceae,,Anacardium occidentale,15º 20' 49.50'' S 44º 22' 03.14'' W 483 m,,Nativa,Maria Eduarda Santana Figueiredo,,,,,,
Anacardiaceae A1,117,A1.25,Schinus terebinthifolia,Aroeira,Anthophyta,Magnoliopsida,Sapindales,Anacardiaceae,,terebinthifolia,"15°29'14.052''S 44°14'48,804''W",,Nativa,Ana Maria da Silva Andrade,,,,,,
Anacardiaceae A1,118,A1.26,Anacardium occidentale L.,Caju,Anthophyta,Magnoliopsida,Sapindales,Anacardiaceae,,Anacardium occidentale,IFNMG-Campus Januária,,Nativa,Nivia Alves da Silva,,,,,,
Anacardiaceae A1,119,A1.27,Anacardium occidentale L.,Caju,Anthophyta,Magnoliopsida,Sapindales,Anacardiaceae,,occidentale L.,"15º20'9,144""S 44º14'47,298""W",,Nativa,Ana Maria da Silva Andrade,,,,,,
Anacardiaceae A1,120,A1.28,Anacardium occidentale L.,Cajueiro,Anthophyta,Magnoliopsida,Sapindales,Anacardiaceae,,occidentale L.,Brejo Itacarambi-MG,,Nativa,Cássio de Assis Pereira,,,,,,
Anacardiaceae A1,121,A1.29,Schinus terebinthifolia,Aroeira,Anthophyta,Magnoliopsida,Sapindales,Anacardiaceae,,terebinthifolia,Zona Rural- Formosa,,Nativa,Desconhecido,,,,,,
Anacardiaceae A1,122,A1.30,Anacardium occidentale L.,Caju,Anthophyta,Magnoliopsida,Sapindales,Anacardiaceae,,Anacardium occidentale,Zona Rural- Sitio Novo/Umburana,,Nativa,Karina Figueredo,,,,,,
Anacardiaceae A1,123,A1.31,Spondias bahiensis,Umbu-cajá/Cajá-umbu/Cajá-umbuzeiro,Anthophyta,Magnoliopsida,Sapindales,Anacardiaceae,,bahiensis,Zona Rural- Formosa,,Nativa,Desconhecido,,,,,,
Anacardiaceae A1,124,A1. 32,Anacardium occidentale L.,Cajú,Anthophyta,Magnoliopsida,Sapindales,Anacardiaceae,,Anacardium occidentale,"15,346597 -44,625043",,Nativa,Gisele Lopes Carneiro,,,,,,
Anacardiaceae A1,125,A1.33,Anacardium occidentale L.,Cajú,Anthophyta,Magnoliopsida,Sapindales,Anacardiaceae,,Anacardium occidentale,Tábua (Januária) 14°30'47''S,,Nativa,Jefferson Nunes,,,,,,
Anacardiaceae A1,126,A1.34,Schinus terebinthifolia,Aroeira-vermelha,,,,,,,IFNMG (Setor Bovino) - Campus Januária,,,Gustavo Brito,,,,,,
Anacardiaceae A1,127,A1.35,Anacardium occidentale L.,Caju,Anthophyta,Magnoliopsida,Sapindales,Anacardiaceae,,occidentale,IFNMG- Campus Januária,,Nativa,Filipi Ferreira,,,,,,
Anacardiaceae A1,128,A1.36,Anacardium occidentale L.,Cajueiro anão,Anthophyta,Magnoliopsida,Sapindales,Anacardiaceae,,occidentale,IFNMG Januária,,Nativa,Desconhecido,,,,,,
Anacardiaceae A1,129,A1.37,Anacardium occidentale L.,Cajueiro,Anthophyta,Magnoliopsida,Sapindales,Anacardiaceae,,occidentale,LAT.S 15°26'35'' e LONG.O 44°22'11'',,Nativa,Pedro Mateus Farias e Tiago Emanoel de Castro Sales,,,,,,
Anacardiaceae A1,130,A1.38,Myracrodruon urundeuva,Aroira,Anthophyta,Magnoliopsida,Sapindales,Anacardiaceae,,urundeuva,"LAT.S: 15°28'13"" e LONG.O: 44°21'55""",,Nativa,Tiago Emanoel de Castro,,,,,,
Anacardiaceae A1,131,A1.39,Anacardium occidentale L.,,,,,,,,Riacho da cruz -15.387591 -44.238003,,,Everto,,,,,,
Anacardiaceae A1,132,A1.40,Anacardium occidentale L.,,,,,,,,IFNMG - Campus Januária,,,Laressa Gomes,,,,,,
Anacardiaceae A1,133,A1. 41,Anacardium occidentale L.,,,,,,,,"Brejo do Santana (Itacarambi) 15º 0427,77",,,Reinaldo Bispo,,,,,,
Araceae A4,134,A4.1,Spathiphyllum wallisii,Lírio-da-paz,Anthophyta,Liliopsida,Arales,Araceae,,Spathiphyllum wallisii,Pedras de Maria da Cruz,,Naturalizada,Elen Perreira,,,,,,
Araceae A4,135,A4.2,Spathiphyllum wallisii Regel,Lírio-da-paz,Anthophyta,Liliopsida,Arales,Araceae,,Spathiphyllum wallisii,Comunidade de Araçá - Januaria/MG,,Naturalizada,Luyara Lorrany Alves Lima,,,,,,
Asteraceae A5,137,A5.1,Acanthospermum hirsutum DC.,Carrapicho de Carneiro,Anthophyta,Magnoliopsida,Asterales,Asteraceae,,Acanthospermum hirsutum DC.,IFNMG-Campus Januária,,Nativa,Ana Flávia Viana,,,,,,
Asteraceae A5,138,A5.2,Dahlia pinnata,Dália-vermelha,Anthophyta,Magnoliopsida,Asterales,Asteraceae,,Dahlia pinnata,Bonito de Minas,,Exótica,Juliana,,,,,,
Asteraceae A5,139,A5.3,Tridax procumbens,Erva-de-Touro,Anthophyta,Magnoliopsida,Asterales,Asteraceae,,Tridax procumbens,IFNMG-Campus Januária,,Exótica,Manuela G. de Almeida,,,,,,
Asteraceae A5,140,A5.4,Erigeron Sumatrensis,Buva,Anthophyta,Magnoliopsida,Asterales,Asteraceae,,Erigeron Sumatrensis,IFNMG-Campus Januária,,Exótica,João Vitor Março,,,,,,
Asteraceae A5,141,A5.5,Emilia fosbergi. Nicolson,Falsa Serralha,Anthophyta,Magnoliopsida,Asterales,Asteraceae,,Emilia fosbergi. Nicolson,Fazenda Lagoa Nova-Patis,,Naturalizada,Gabrylla Rocha Gusmão,,,,,,
Asteraceae A5,142,A5.6,Matricaria chamomilla L.,Camomila,Anthophyta,Magnoliopsida,Asterales,Asteraceae,,Matricaria chamomilla L.,IFNMG-Campus Januária,,Naturalizada,Vitótia de Jesus Gonsalves Lima,,,,,,
Asteraceae A5,143,A5.7,Tridax procumbens,Erva-de-Touro,Anthophyta,Magnoliopsida,Asterales,Asteraceae,,Tridax procumbens,IFNMG-Campus Januária,,Exótica,Keity Milena,,,,,,
Asteraceae A5,144,A5.8,Ageratum conyzoides,Mentrasto,Anthophyta,Magnoliopsida,Asterales,Asteraceae,,Ageratum conyzoides,"Barreiro, Januária-MG",,Nativa,Matheus L. Brito,,,,,,
Asteraceae A5,145,A5.9,Conyza canadensisi (L) cronquist,Avoadinha,Anthophyta,Magnoliopsida,Asterales,Asteraceae,,Conyza canadensis (L) cronquist,Olhos D'Aguas,,Nativa,Rafaela A. Araújo,,,,,,
Asteraceae A5,146,A5.10,Vernonia polysphaera,Assa-Peixe,Anthophyta,Magnoliopsida,Asterales,Asteraceae,,Vernonia polysphaera,Itacarambia-MG,,Nativa,Mariane G. Oliveira,,,,,,
Asteraceae A5,147,A5.11,Bidens pilosa var. radiata L.,Picão,Anthophyta,Magnoliopsida,Asterales,Asteraceae,,Bidens pilosa var. radiata L.,Januária-MG,,Nativa,Janaína F.R.N. Alves,,,,,,
Asteraceae A5,148,A5.12,Gymnanthemum amygdalinum,Boldo Alumã,Anthophyta,Magnoliopsida,Asterales,Asteraceae,,Gymnanthemum amygdalinum,Fazenda Lagoa Nova-Patis MG,,Exótica,Ketley,,,,,,
Asteraceae A5,149,A5.13,Vernonia polysphaera,Assa-Peixe,Anthophyta,Magnoliopsida,Asterales,Asteraceae,,Vernonia polysphaera,Desconhecido,,Nativa,Desconhecido,,,,,,
Asteraceae A5,150,A5.14,Vernonia polysphoera,Assa Peixe,Anthophyta,Magnoliopsida,Asterales,Asteraceae,,Vernonia polysphoera,Riacho da Cruz - MG,,Nativa,Milena Nery,,,,,,
Asteraceae A5,151,A5.15,Tridax procumbens,Vassoura malva branca\ Erva de touro,Anthophyta,Magnoliopsida,Asterales,Asteraceae,,Tridax procumbens,IFNMG - Campus Januária,,Exótica,Luane Alencar,,,,,,
Asteraceae A5,152,A5.16,Gymnanthemum amygdalinum,Assa Peixe,Anthophyta,Magnoliopsida,Asterales,Asteraceae,,Gymnanthemum amygdalinum,Januária - MG,,Exótica,Izaulina Martins,,,,,,
Asteraceae A5,153,A5.17,Gymnanthemum amygdalinum,Boldo Alumã,Anthophyta,Magnoliopsida,Asterales,Asteraceae,,Gymnanthemum amygdalinum,IFNMG - Campus Januária MG,,Exótica,Guilherme Cangussu,,,,,,
Asteraceae A5,155,A5.19,Vernonia scabra,Assa-Peixe,Anthophyta,Magnoliopsida,Asterales,Asteraceae,,Vernonia scabra,Brejo São Caetano MG,,Nativa,Hereny F. M. Xavier,,,,,,
Asteraceae A5,156,A5.20,Vernonia condensata baker,Assa-Peixe,Anthophyta,Magnoliopsida,Asterales,Asteraceae,,Vernonia Condensata baker,15º 26' 41''S 44º 22'10'' W,,Naturalizada,Ernando Santos de Oliveira,,,,,,
Asteraceae A5,157,A5.21,Tridax procumbens,Erva-de-touro,Anthophyta,Magnoliopsida,Asterales,Asteraceae,,procumbens,15°26'54.53''S 44°22'4.14''O IFNMG,,Exótica,Tiago de Souza Rodrigues,,,,,,
Asteraceae A5,158,A5.22,Vernonia condensata baker,Assa-Peixe,Anthophyta,Magnoliopsida,Asterales,Asteraceae,,Condensata baker,15°26'41''S 44°22'10''W 482m,,Naturalizada,Werlleson da Silva,,,,,,
Asteraceae A5,159,A5.23,Acanthospermum hispidum.,Carrapicho de Carneiro,Anthophyta,Magnoliopsida,Asterales,Asteraceae,,Acanthospermum hispidum,"15º20'9.22'' S 44º 14' 47,676'' W",,Nativa,Ana Maria da Silva Andrade,,,,,,
Asteraceae A5,160,A5.24,Vernonia condensata baker,Assa-Peixe,Anthophyta,Magnoliopsida,Asterales,Asteraceae,,Vernonia Condensata baker,Riacho da Cruz - MG,,Naturalizada,Nivia Alves da Silva,,,,,,
Asteraceae A5,161,A5.25,Vernonia Scabra,Assa-peixe,Anthophyta,Magnoliopsida,Asterales,Asteraceae,,Vernonia Scabra,Ribeirão do Lavrado,,Nativa,Alteone Barbosa,,,,,,
Asteraceae A5,162,A5.26,Vernonia Scabra,Assa-peixe,Anthophyta,Magnoliopsida,Asterales,Asteraceae,,Vernonia Scabra,15º 30' 5'' S 45º 22' 59'' W 311 NW,,Nativa,Ana Maria da Silva Andrade,,,,,,
Asteraceae A5,163,A5.27,Vernonia brasiliana (L.) Druce,Assa-peixe,Anthophyta,Magnoliopsida,Asterales,Asteraceae,,brasiliana (L.),"Brejo do Amparo, Januária-MG",,Nativa,Thâmilly Vieira,,,,,,
Asteraceae A5,164,A5.28,Vernonia brasiliana (L.) Druce,Assa-peixe,Anthophyta,Magnoliopsida,Asterales,Asteraceae,,brasiliana (L.),"15,340217 -44,627735",,Nativa,Gisele Lopes Carneiro,,,,,,
Asteraceae A5,165,A5.29,Vernonia acaulis,Assa-peixe,Anthophyta,Magnoliopsida,Asterales,Asteraceae,,acaulis,Agroecologia -IFNMG,,Nativa,Thátila Lopes,,,,,,
Asteraceae A5,166,A5.30,Vernonia acaulis,Assa Peixe,Anthophyta,Magnoliopsida,Asterales,Asteraceae,,acaulis,Brejo da Santana (Itacarambi),,Nativa,Reinaldo Bispo,,,,,,
Asteraceae A5,167,A5.31,Tridax procumbens,Erva-de-Touro,Anthophyta,Magnoliopsida,Asterales,Asteraceae,,Tridax procumbens,IFNMG Januária,,Exótica,Desconhecido,,,,,,
Asteraceae A5,168,A5.32,Cosmos sulphureus,Cosmos-laranja,Anthophyta,Magnoliopsida,Asterales,Asteraceae,,Cosmos sulphureus,Desconhecido,,Naturalizada,Desconhecido,,,,,,
Asteraceae A5,169,A5.33,Vernonia polysphoera,Assa Peixe,Anthophyta,Magnoliopsida,Asterales,Asteraceae,,polysphoera,LAT.S 15°26'41'' E LONG.O 44°22'11'',,Nativa,Tiago Emanoel de Castro Sales,,,,,,
Asteraceae A5,170,A5.34,Acanthospermum hispidum.,,,,,,,,"Januária -15 484 002, -4437 135 7",,,Levi,,,,,,
Amaranthaceae A3,171,A3.1,Amaranthus albus L.,Caruru,Anthophyta,Magnopiopsida,Caryophyllales,Amaranthaceae,,Amaranthus albus L.,Pedras de Maria da Cruz - MG,,Exótica,Renato Dias Pereira,,,,,,
Amaranthaceae A3,172,A3.2,Celosia argentea var. cristata (l.) kuntze,Crista de Galo,Anthophyta,Magnopiopsida,Caryophyllales,Amaranthaceae,,Celosia argentea var. cristata (l.) kuntze,"R. Asteria Ferreira Chaves, 33 - Januária - MG.",,Exótica,Lairton,,,,,,
Amaranthaceae A3,173,A3. 3,Celosia argentea var. cristata (l.) kuntze,Crista Plumosa / Crista de Galo,Anthophyta,Magnopiopsida,Caryophyllales,Amaranthaceae,,Celosia argentea var. cristata (l.) kuntze,Vila Jadete - MG,,Exótica,Eduardo Gomes Leite,,,,,,
Amaranthaceae A3,174,A3.4,Alternanthera ficoidea,Periquito Ameno,Anthophyta,Magnopiopsida,Caryophyllales,Amaranthaceae,,Alternanthera ficoidea,IFNMG - Januária - MG,,Nativa,Camila Lopo,,,,,,
Amaranthaceae A3,175,A3.5,Celosia argentea var. cristata (l.) kuntze,Crista Plumosa / Crista de Galo,Anthophyta,Magnopiopsida,Caryophyllales,Amaranthaceae,,Celosia argentea var. cristata (l.) kuntze,IFNMG - Januária - MG,,Exótica,João Vitor de Castro Viana,,,,,,
Amaranthaceae A3,176,A3.6,Celosia argentea var. cristata (l.) kuntze,Crista Plumosa / Crista de Galo,Anthophyta,Magnopiopsida,Caryophyllales,Amaranthaceae,,Celosia argentea var. cristata (l.) kuntze,Januária - MG,,Exótica,Clara Elis Ferreira,,,,,,
Amaranthaceae A3,177,A3.7,Celosia argentea var. cristata (l.) kuntze,Crista Plumosa / Crista de Galo,Anthophyta,Magnopiopsida,Caryophyllales,Amaranthaceae,,Celosia argentea var. cristata (l.) kuntze,"B. Boa Vista, Januária - MG",,Exótica,Erick Soares,,,,,,
Amaranthaceae A3,178,A3.8,Amaranthus viridis,Caruru,Anthophyta,Magnopiopsida,Caryophyllales,Amaranthaceae,,Amaranthus viridis,IFNMG - Januária - MG,,Nativa,Igor Francisco,,,,,,
Amaranthaceae A3,179,OO,Amaranthus viridis,Caruru,Anthophyta,Magnopiopsida,Caryophyllales,Amaranthaceae,,Amaranthus viridis,IFNMG - campus Januária MG,,Nativa,Eduardo Barbosa,,,,,,
Amaranthaceae A3,180,A3.10,Amaranthus viridis,Caruru,Anthophyta,Magnopiopsida,Caryophyllales,Amaranthaceae,,Amaranthus viridis,IFNMG - Januária MG,,Nativa,Julia Durães,,,,,,
Amaranthaceae A3,181,A3.11,Amaranthus viridis,Caruru,Anthophyta,Magnopiopsida,Caryophyllales,Amaranthaceae,,Amaranthus viridis,IFNMG - campus Januária MG,,Nativa,Luane Alencar,,,,,,
Amaranthaceae A3,183,A3.12,Alternanthera tenella,Apaga fogo,Anthophyta,Magnopiopsida,Caryophyllales,Amaranthaceae,,Alternanthera tenella,IFNMG - Campus Januária MG,,Nativa,Ana Clara Alves de Matos,,,,,,
Amaranthaceae A3,184,A3.12,Alternanthera brasiliana,,,,,,,,"15 44 55 12, - 44 1' 16 43 16 - Fazenda Gavião, Varzelândia - MG",,nativa,Tiago de Souza Rodrigues,,,,,,
Amaranthaceae A3,185,A3.13,Amaranthus deflexus,Caruru,Anthophyta,Magnopiopsida,Caryophyllales,Amaranthaceae,,deflexus,IFNMG- Campus Januária,,Nativa,Nivia Alves da Silva,,,,,,
Amaranthaceae A3,186,A3.14,Amaranthus deflexus,,,,,,,,Riacho da Cruz -15 347 591 -44237003,,Nativa,Everton,,,,,,
Apocynaceae A6,187,A6.1,Nerium oleander,Epirradeira,Antophyta,Magnoliopsida,Gentianales,Apocynaceae,,Nerium oleander,IFNMG - Campus Januária - MG,,Exótica,Érika Mota,,,,,,
Apocynaceae A6,188,A6.2,Nerium oleander var. albo-flore L.,Oleandro Branco,Antophyta,Magnoliopsida,Gentianales,Apocynaceae,,Nerium oleander var. albo-flore L.,"15-47168, IFNMG - Januária, Fazenda são Geraldo s/n 06",,Exótica,"Adriele, Caroline, Hellen, Laires, Lairton, Neila, William.",,,,,,
Apocynaceae A6,189,A6.3,Nerium oleander,Espirradeira,Antophyta,Magnoliopsida,Gentianales,Apocynaceae,,Nerium oleander,"R. Coronel Serrão, Centro, Januária - MG",,Exótica,Desconhecido,,,,,,
Apocynaceae A6,190,A6.4,Nerium oleander L.,Oleandro,Antophyta,Magnoliopsida,Gentianales,Apocynaceae,,Nerium oleander L.,IFNMG - Campus Januária - MG,,Exótica,Larissa Marinho,,,,,,
Apocynaceae A6,191,A6.5,Catharanthus roseus,Boa-noite,Antophyta,Magnoliopsida,Gentianales,Apocynaceae,,Catharanthus roseus,"Policlínica, Lontra/MG",,Exótica,Jessica Mendes da Silva,,,,,,
Apocynaceae A6,192,A6.6,Narium oleander,Espirradeira,Antophyta,Magnoliopsida,Gentianales,Apocynaceae,,Nerium oleander,IFNMG - Campus Januária - MG,,Exótica,Nathan Borges,,,,,,
Apocynaceae A6,193,A6.7,Nerium oleander,Oleandro,Antophyta,Magnoliopsida,Gentianales,Apocynaceae,,Nerium oleander,Januária - MG,,Exótica,Nanhame Carole,,,,,,
Apocynaceae A6,194,A6.8,Nerium oleander,Espirradeira,Antophyta,Magnoliopsida,Gentianales,Apocynaceae,,Nerium oleander,IFNMG - Campus Januária - MG,,Exótica,Hellen Maisa Soares Lima,,,,,,
Apocynaceae A6,195,A6.9,Catharanthus roseus (L) G. Don,Vinca,Antophyta,Magnoliopsida,Gentianales,Apocynaceae,,Catharanthus roseus (L.) G. Don,IFNMG - Campus Januária - MG,,Exótica,Hellen Maisa Soares Lima,,,,,,
Apocynaceae A6,196,A6.10,Nerium oleander,Espirradeira,Antophyta,Magnoliopsida,Gentianales,Apocynaceae,,Nerium oleander,"Av. Coronel Serrão, Centro - Januária MG",,Exótica,Umberto da Rocha Rodrigues,,,,,,
Apocynaceae A6,197,A6.11,Allamanda blanchetii,Alamanda Roxa/ Viuva Alere,Anthophyta,Magnoliopsida,Gentianales,Apocynaceae,,Nerium oleander,Desconhecido,,Exótica,Paula Farias,,,,,,
Apocynaceae A6,198,A6.12,Nerium oleander,Oleandro,Anthophyta,Magnoliopsida,Gentianales,Apocynaceae,,Nerium oleander,IFNMG - Campus Januária - MG,,Exótica,Samara,,,,,,
Apocynaceae A6,199,A6.13,Nerium oleander,Espirradeira,Anthophyta,Magnoliopsida,Gentianales,Apocynaceae,,Nerium oleander,Desconhecido,,Exótica,Luyara Lorrany Alves Lima,,,,,,
Apocynaceae A6,200,A6.14,Nerium oleander,Espirradeira,Anthophyta,Magnoliopsida,Gentianales,Apocynaceae,,Nerium oleander,IFNMG - Campus Januária - MG,,Exótica,Higor Amauri,,,,,,
Apocynaceae A6,201,A6.15,Nerium oleander,Espirradeira,Anthophyta,Magnoliopsida,Gentianales,Apocynaceae,,Nerium oleander,IFNMG - Campus Januária - MG,,Exótica,Yara Santos,,,,,,
Apocynaceae A6,202,A6.16,Catharanthus roseus,Boa-noite,Anthophyta,Magnoliopsida,Gentianales,Apocynaceae,,Catharanthus roseus,IFNMG - Campus Januária - MG,,Exótica,Joice Reis,,,,,,
Apocynaceae A6,203,A6.17,Nerium oleander,Oleandro,Anthophyta,Magnoliopsida,Gentianales,Apocynaceae,,Nerium oleander,Januária - MG,,Exótica,Juliana Pacheco,,,,,,
Apocynaceae A6,204,A6.18,Catharanthus roseus,Vinca,Anthophyta,Magnoliopsida,Gentianales,Apocynaceae,,Catharanthus roseus,São João das Missões/MG,,Exótica,Fabio Luis,,,,,,
Apocynaceae A6,205,A6.19,Nerium oleander L.,Oleandro,Anthophyta,Magnoliopsida,Gentianales,Apocynaceae,,Nerium oleander L.,Januária/MG,,Exótica,Isadora Viana,,,,,,
Apocynaceae A6,206,A6.20,Allamanda cathartica,Alamanda amarela,Anthophyta,Magnoliopsida,Gentianales,Apocynaceae,,Allamanda cathartica,IFNMG - Campus Januária MG,,Nativa,Rayane da Silva Rocha,,,,,,
Apocynaceae A6,207,A6.21,Allamanda cathartica,Alamanda,Anthophyta,Magnoliopsida,Gentianales,,,Allamanda cathartica,Riacho da Cruz - MG,,Nativa,Milena Nery Santos,,,,,,
Apocynaceae A6,208,A6.22,Allamanda cathartica,Alamanda,Anthophyta,Magnoliopsida,Gentianales,Apocynaceae,,Allamanda cathartica,IFNMG - Campus Januária - MG,,Nativa,Istefany de Souza,,,,,,
Apocynaceae A6,209,A6.23,Calotropis procera,Algodão de Sido,Anthophyta,Magnoliopsida,Gentianales,Apocynaceae,,Calotropis procera,Januária - MG,,Exótica,Tauana,,,,,,
Apocynaceae A6,210,A6.24,Allamanda blanchetii,Alamanda Roxa,Anthophyta,Magnoliopsida,Gentianales,Apocynaceae,,Allamanda blanchetii,Pedras de Maria da Cruz MG,,Nativa,Eleissa Oliveira Pinheiro,,,,,,
Apocynaceae A6,211,A6.25,Allamanda blanchetii,Alamanda Roxa,Anthophyta,Magnoliopsida,Gentianales,Apocynaceae,,Allamanda blanchetii,Januária - MG,,Nativa,Laune Alencar,,,,,,
Apocynaceae A6,213,A6. 26,Allamanda cathartica,Alamanda Amarela,Anthophyta,Magnoliopsida,Gentianales,Apocynaceae,,cathartica,15º 26'54.18'' S 44º 22' 9.02'' O IFNMG - Campus Januária,,Nativa,Tiago de Souza Rodrigues,,,,,,
Apocynaceae A6,214,A6.27,Allamanda cathartica,Alamanda,Anthophyta,Magnoliopsida,Gentianales,Apocynaceae,,cathartica,15°26'53''S 44°22'07''W,,Nativa,Ernando Santos de Oliveira,,,,,,
Apocynaceae A6,215,A6. 28,Allamanda cathartica,Alamanda,Anthophyta,Magnoliopsida,Gentianales,Apocynaceae,,cathartica,15º 26' 52.58''S 44º 22' 0.7.52'' 482 M,,Nativa,Maria Eduarda,,,,,,
Apocynaceae A6,216,A6.29,Allamanda cathartica,Alamanda,Anthophyta,Magnoliopsida,Gentianales,Apocynaceae,,cathartica,IFNMG-Campus Januária,,Nativa,Paula Vitória Santos Peckimim,,,,,,
Apocynaceae A6,217,A6.30,Aspidosperma parvifolium,Pau-perreira,Anthophyta,Magnoliopsida,Gentianales,Apocynaceae,,parvifolium,Ribeirão do Lavrado,,Nativa,Alteone Barbosa,,,,,,
Apocynaceae A6,218,A6.31,Allamanda cathartica,Alamanda,Anthophyta,Magnoliopsida,Gentianales,Apocynaceae,,cathartica,IFNMG Januária,,Nativa,Samuel Amorim,,,,,,
Apocynaceae A6,219,A6.32,Aspidosperma pyrifolium,Perereiro branco,Anthophyta,Magnoliopsida,Gentianales,Apocynaceae,,pyrifolium,Brejo São Caetano,,Nativa,Heriny Francisca Moreira Xavier da Silva,,,,,,
Apocynaceae A6,220,A6.33,Allamanda carthartica,Alamanda Amarela,Anthophyta,Magnoliopsida,Gentianales,Apocynaceae,,carthartica,"15º26'54,306""S 44º22'9,036""W",,Nativa,Elaine Cristina Santos Almeida,,,,,,
Apocynaceae A6,221,A6.34,Allamanda carthartica,Alamanda Amarela,Anthophyta,Magnoliopsida,Gentianales,Apocynaceae,,carthartica,Praça Emílio de Matos Januária-MG,,Nativa,Thâmilly Vieira Gonçalves,,,,,,
Apocynaceae A6,222,A6.35,Allamanda carthartica,Alamanda Amarela,Anthophyta,Magnoliopsida,Gentianales,Apocynaceae,,carthartica,IFNMG Campus Januária-MG,,Nativa,Cássio de Assis Pereira,,,,,,
Apocynaceae A6,223,A6.36,Asclepias curassavica L.,Erva-de-Rato,Anthophyta,Magnoliopsida,Gentianales,Apocynaceae,,curassavia,"Brejo do amparo, Januária MG",,Nativa,Thâmilly Vieira Gonçalves,,,,,,
Apocynaceae A6,224,A6.37,Nerium oleander L.,Espirradeira,Anthophyta,Magnoliopsida,Gentianales,Apocynaceae,,oleander L.,"B,N.S.F Itacarambi-MG",,Nativa,Cássio de Assis Pereira,,,,,,
Apocynaceae A6,225,A6.38,Allamanda carthartica,"Alamanda, Carolina, Dedal de dama",Anthophyta,Magnoliopsida,Gentianales,Apocynaceae,,carthartica,"15º29'09,7''S 44º22'11,6'' W",,Nativa,Gisele Lopes Carneiro,,,,,,
Apocynaceae A6,226,A6.39,Allamanda carthartica,Alamanda,Anthophyta,Magnoliopsida,Gentianales,Apocynaceae,,carthartica,IFNMG(Januária) -15.2262/-44.3615,,Nativa,Reinaldo Bispo,,,,,,
Apocynaceae A6,227,A6.40,Allamanda carthartica,Alamanda,Anthophyta,Magnoliopsida,Gentianales,Apocynaceae,,carthartica,IFNMG- Campus Januária,,Nativa,Alcides Fernandes,,,,,,
Apocynaceae A6,228,A6.41,Allamanda carthartica,Alamanda,Anthophyta,Magnoliopsida,Gentianales,Apocynaceae,,carthartica,LAT.S 15°26'42'' e LONG.O 44°22'30'',,Nativa,Pedro Mateus Farias,,,,,,
Apocynaceae A6,229,A6.42,Allamanda carthartica,,,,,,,,IFNMG - Campus Januária,,,Laressa Gomes,,,,,,
Araliaceae A8,230,A8.1,Scheffera arboricola,Árvore-guarda-chuva,Antophyta,Magnoliopsida,Apiales,Araliaceae,,Scheffera arboricola,Januária - MG,,Exótica,Wanderson,,,,,,
Acanthaceae A2,232,A2.1,Megaskepasma erythrochlamys Lindau,Capota Vermelha,Anthophyta,Magnoliopsida,Lamiales,Acanthaceae,,Megaskepasma erythrochlamys Lindau,IFNMG - Januária - MG,,Exótica,Nathan Borges,,,,,,
Acanthaceae A2,233,A2.2,Megaskepasma erythrochlamys Lindau,justicia Vermelha,Anthophyta,Magnoliopsida,Lamiales,Acanthaceae,,Megaskepasma erythrochlamys Lindau,"-15.47553 -4437367 ( R: 4, 94. Januária - MG)",,Exótica,Caroline,,,,,,
Acanthaceae A2,234,A2.3,Crossandra infundibuliformis,Flor de Fogos de Artificio,Anthophyta,Magnoliopsida,Lamiales,Acanthaceae,,Crossandra infundibuliformis,Januária - MG,,Exótica,Nanhane,,,,,,
Acanthaceae A2,235,A2.4,Megaskepasma erythrochlamys Lindau,justicia Vermelha,Anthophyta,Magnoliopsida,Lamiales,Acanthaceae,,Megaskepasma erythrochlamys Lindau,IFNMG - Januária - MG,,Exótica,vitor Gonsalvez,,,,,,
Acanthaceae A2,236,A2.5,Crossandra infundibuliformis,Crossandra,Anthophyta,Magnoliopsida,Lamiales,Acanthaceae,,Crossandra infundibuliformis,Comunidade de Araça - Januária - MG,,Exótica,Luyara Lorrany A. Lima,,,,,,
Acanthaceae A2,237,A2.6,Megaskepasma erythrochlamys Lindau,Justicia Vermelha,Anthophyta,Magnoliopsida,Lamiales,Acanthaceae,,Megaskepasma erythrochlamys Lindau,IFNMG - Januária - MG,,Exótica,Arthur Ferreira,,,,,,
Acanthaceae A2,238,A2.7,Megaskepasma erythrochlamys Lindau,justicia Vermelha,Anthophyta,Magnoliopsida,Lamiales,Acanthaceae,,Megaskepasma erythrochlamys Lindau,Desconhecido,,Exótica,Ryan Borges,,,,,,
Acanthaceae A2,239,A2.8,Thunbergia erecta,Manto-de-rei,Anthophyta,magnoliopsida,lamiales,Acanthaceae,,Thumbergia erecta,IFNMG - Januária - MG,,Naturalizada,Abner,,,,,,
Acanthaceae A2,240,A2.9,Megaskepasma erythrochlamys Lindau,"Manto-rojo, justicia Vermelha",Anthophyta,Magnoliopsida,Lamiales,Acanthaceae,,Megaskepasma erythrochlamys Lindau,Januária - MG,,Exótica,José Gabriel Fernandes,,,,,,
Acanthaceae A2,241,A2.10,Odontonema tubaeforme,Odontonema,Anthophyta,Magnoliopsida,Lamiales,Acanthaceae,,Odontonema tubaeforme,Bonito de Minas - MG,,Exótica,Islane Reis Rodrigues Silva,,,,,,
Acanthaceae A2,242,A2.11,Thunbergia erecta,Manto do Rei,Anthophyta,Magnoliopsida,Lamiales,Acanthaceae,,Thumbergia erecta,IFNMG - Campus Januária MG,,Naturalizada,Daniel,,,,,,
Acanthaceae A2,243,A2.12,Dicliptera aquamorrosa,,Anthophyta,Magnoliopsida,Lamiales,Acanthaceae,,Dicliptera aquamorrosa,Lapão - MG,,Nativa,Tauane Caroline,,,,,,
Acanthaceae A2,244,A2.13,Ruellia tuberosa,Raiz de Febre,Anthophyta,Magnoliopsida,Lamiales,Acanthaceae,,Ruellia tuberosa,"R Barão de São Romão, Januária - MG",,Exótica,Lucas Figueiredo,,,,,,
Acanthaceae A2,245,A2.14,Ruellia brevifolia (Pohl) C. Ezcurra,Pingo-de-sangue,Anthophyta,Magnoliopsida,Lamiales,Acanthaceae,,brevifolia,"Brejo do Amparo, Januária-MG",,Nativa,Thâmilly Vieira,,,,,,
Acanthaceae A2,246,A2.15,Odontonema tubaeforme,,,,,,,,Januária 15.488001 -44371357,,,"Levi, Larissa Everton e Warley",,,,,,
Arecaceae A7,247,A7.1,Allagoptera arenaria,Guriri,Antophyta,Liliopsida,Arecales,Arecaceae,,Allagoptera arenaria,"Zona rural - Km 18, Januária MG.",,Nativa,Vitória Alves Sales.,,,,,,
Arecaceae A7,249,A7.2,Mauritia flexuosa L. F,Buriti,Thacheophyta,Liliopsida,Arecales,Arecaceae,,flexuosa L. F,"15º24'44""S 45º17'42""W 116ºSE",,Nativa,Ana Maria da S. Andrade,,,,,,
Arecaceae A7,250,A7.3,Attalea speciosa,Babaçu,Tracheophyta,Liliopsida,Arecales,Arecaceae,,speciosa,"-15.458262, -44.357786",,Nativa,"Cyrus, Ana Luiza e Gisele",,,,,,
Anonaceae A9,251,A9.1,Duguetia furfuraceae,Pinha de Guará,Antophyta,Magnoliopsida,Magnoliales,Annonaceae,,Duguetia furfuraceae,"KM 18, Januária - MG",,Nativa,Vitória Alves Sales,,,,,,
Anonaceae A9,252,A9.2,Annona squamosa,Pinha,Antophyta,Magnoliopsida,Magnoliales,Annonaceae,,Annona squamosa,Januária - MG,,Naturalizada,Gustavo Henrique,,,,,,
Anonaceae A9,253,A9.3,Annona squamosa,Pinha,Antophyta,Magnoliopsida,Magnoliales,Annonaceae,,Annona squamosa,IFNMG - Campus Januária MG,,Naturalizada,Camila Lopo,,,,,,
Anonaceae A9,254,A9.4,Annona x atemoya,Atemoia,Antophyta,Magnoliopsida,Magnoliales,Annonaceae,,Annona x atemoya,Januária - MG,,Naturalizada,Sara Alves,,,,,,
Anonaceae A9,255,A9.5,Annona squamosa,Pinha,Antophyta,Magnoliopsida,Magnoliales,Annonaceae,,Annona squamosa,IFNMG - Campus Januária MG,,Naturalizada,Adan Clizan,,,,,,
Anonaceae A9,256,A9.6,Annona squamosa,Pinha,Antophyta,Magnoliopsida,Magnoliales,Annonaceae,,Annona squamosa,Januária - MG,,Naturalizada,Nilmara Mendes,,,,,,
Anonaceae A9,257,A9.7,Annona squamosa,Pinha,Antophyta,Magnoliopsida,Magnoliales,Annonaceae,,Annona squamosa,IFNMG - Campus Januária MG,,Naturalizada,Desconhecido,,,,,,
Anonaceae A9,259,A9.8,Annona Muricata,Graviola,Antophyta,Magnoliopsida,Magnoliales,Annonaceae,,Muricata,15º 27' 3.35'' S 44º 21' 59.67'' O Fruticultura IFNMG Campus Januária,,Cultivada,Tiago de Souza Rodrigues,,,,,,
Anonaceae A9,260,A9.9,Duguetia furfuraceae,Ata-brava,Antophyta,Magnoliopsida,Magnoliales,Annonaceae,,furfuraceae,15°17'23''S 44°49'18''W 610M,,Nativa,Tulio Rozeno Neves,,,,,,
Anonaceae A9,261,A9.10,Annona Muricata,Graviola,Antophyta,Magnoliopsida,Magnoliales,Annonaceae,,Muricata,IFNMG - Campus Januária MG,,Nativa,Nivia Alves da Silva,,,,,,
Anonaceae A9,262,A9.10,Duguetia furfuraceae,Pinha-brava,Antophyta,Magnoliopsida,Magnoliales,Annonaceae,,furfuraceae,Bonito de Minas,,Nativa,Alteone Barbosa,,,,,,
Anonaceae A9,263,A9.11,Annona squamosa,Pinha,Antophyta,Magnoliopsida,Magnoliales,Annonaceae,,squamosa,IFNMG - Campus Januária,,Naturalizada,Cássio de Assis Pereira,,,,,,
Anonaceae A9,264,A9.12,Annona muricata L.,Graviola,Antophyta,Magnoliopsida,Magnoliales,Annonaceae,,Muricata,Zona rural - Formosa,,Cultivada,Desconhecido,,,,,,
Anonaceae A9,265,A9.13,Annona Muricata,Graviola,Antophyta,Magnoliopsida,Magnoliales,Annonaceae,,Muricata,Januária,,Cultivada,Karina Figueredo,,,,,,
Anonaceae A9,266,A9.14,Annona muricata L.,Graviola,,,,,,,Desconhecido,,,Filipe Ferreira,,,,,,
Anonaceae A9,267,A9.15,Annona squamosa,Pinha,Antophyta,Magnoliopsida,Magnoliales,Annonaceae,,squamosa,IFNMG Januária,,Naturalizada,Desconhecido,,,,,,
Anonaceae A9,268,A9. 16,Annona squamosa,,,,,,,,Riacho da Cruz (15º347591 -44º238003),,Naturalizada,Everton,,,,,,
Amaryllidaceae A10,269,A10.1,Hippeastrum puniceum,Lirío do Campo,Antophyta,Liliopsida,Asparagales,Amaryllidaceae,,Hippeastrum puniceum,IFNMG - Januária,,Exótica,Arthur Ferreira,,,,,,
Amaryllidaceae A10,270,A10.2,Hippeastrum puniceum,Açucena,Antophyta,Liliopsida,Asparagales,Amaryllidaceae,,Hippeastrum puniceum,IFNMG - Januária,,Exótica,Vitória Soares,,,,,,
Amaryllidaceae A10,271,A10.3,Hippeastrum puniceum,Amaryllis,Antophyta,Liliopsida,Asparagales,Amaryllidaceae,,Hippeastrum puniceum,IFNMG - Januária,,Exótica,Hellen Maysa,,,,,,
Amaryllidaceae A10,272,A10.4,Hippeastrum puniceum,Açucena,Antophyta,Liliopsida,Asparagales,Amaryllidaceae,,Hippeastrum puniceum,Desconhecido,,Exótica,Lauane Caroline,,,,,,
Amaryllidaceae A10,273,A10.5,Hippeastrum puniceum,Açucena,Antophyta,Liliopsida,Asparagales,Amaryllidaceae,,Hippeastrum puniceum,Pedras de Maria da Cruz - MG,,Exótica,Monique Iraildes,,,,,,
Alstroemeriaceae A11,275,A11.1,Alstroemeria amabilis M. C. Assis,Astromelia,Antophyta,Liliopsida,Liliales,Alstroemeriaceae,,Alstroemeria amabilis M. C. Assis,Floricultura Flora Verde Rosa - Januária/MG,,Nativa,Victor Campos,,,,,,
Alstroemeriaceae A11,276,A11.2,Alstroemeria amabilis,Astromelia,Antophyta,Liliopsida,Liliales,Alstroemeriaceae,,Alstroemeria amabilis M. C. Assis,Desconhecido,,Nativa,Ana Alice,,,,,,
Apiaceae A12,278,A12.1,Cariandrum sativun,Coentro,Antophyta,Magnoliopsida,Apiales,Apiaceae,,Cariandrum sativun,"Umbuzeiro, Lontra/MG",,Cultivada,Aline Rodrigues Cordeiro,,,,,,
Apiaceae A12,279,A12.2,Cariandrum sativun,Coentro,Antophyta,Magnoliopsida,Apiales,Apiaceae,,Cariandrum sativun,São Francisco - MG,,Cultivada,Júnior,,,,,,
Apiaceae A12,280,A12.3,Cariandrum sativun,Coentro,Antophyta,Magnoliopsida,Apiales,Apiaceae,,Cariandrum sativun,IFNMG - Campus Januária - MG,,Cultivada,Leonardo Pazeno,,,,,,
Apiaceae A12,281,A12.4,Cariandrum sativun,Coentro,Antophyta,Magnoliopsida,Apiales,Apiaceae,,Cariandrum sativun,Januária MG,,Cultivada,Beatriz Ribeiro,,,,,,
Apiaceae A12,282,A12.5,Petroselinum crispum,Salsa ou salsinha,Antophyta,Magnoliopsida,Apiales,Apiaceae,,Petroselinum crispum,IFNMG - Campus Januária MG,,Cultivada,Pedro Antônio Passos,,,,,,
Bixaceae B1,284,B1.1,Bixa orellana L.,Urucum,Antophyta,Magnoliopsida,Malvales,Bixaceae,,Bixa orellana L.,IFNMG - Campus Januária - MG,,Nativa,Arthur Ferreira,,,,,,
Bixaceae B1,285,B1.2,Bixa orellana L.,Urucum,Antophyta,Magnoliopsida,Malvales,Bixaceae,,Bixa orellana L.,IFNMG - Campus Januária - MG,,Nativa,Kayan Luna,,,,,,
Bixaceae B1,286,B1.3,Bixa orellana L.,Urucum,Antophyta,Magnoliopsida,Malvales,Bixaceae,,Bixa orellana L.,"-15,48185, -44.35202 - Januária MG - R. Emílio Magalhães 1254.",,Nativa,Caroline. et. al.,,,,,,
Bixaceae B1,287,B1.4,Bixa orellana L.,Urucum,Antophyta,Magnoliopsida,Malvales,Bixaceae,,Bixa orellana L.,IFNMG - Campus Januária - MG,,Nativa,Clara Elis Ferreira,,,,,,
Bixaceae B1,288,B1.5,Bixa orellana,Urucum,Antophyta,Magnoliopsida,Malvales,Bixaceae,,Bixa orellana L.,Zona rural de Januária - MG,,Nativa,Vitória Alves Sales,,,,,,
Bixaceae B1,289,B1.6,Bixa orellana,Urucum,Antophyta,Magnoliopsida,Malvales,Bixaceae,,Bixa orellana L.,IFNMG - Campus Januária - MG,,Nativa,Juliana,,,,,,
Bixaceae B1,290,B1.7,Bixa orellana,Urucum,Antophyta,Magnoliopsida,Malvales,Bixaceae,,Bixa orellana L.,IFNMG - Campus Januária - MG,,Nativa,Gabriel Cardoso,,,,,,
Bixaceae B1,291,B1.8,Bixa orellana,Urucum,Antophyta,Magnoliopsida,Malvales,Bixaceae,,Bixa orellana L.,IFNMG - Campus Januária - MG,,Nativa,Wanderson Amaral,,,,,,
Bixaceae B1,292,B1.9,Bixa orellana,Urucum,Antophyta,Magnoliopsida,Malvales,Bixaceae,,Bixa orellana L.,Januária - MG,,Nativa,Nilmara Mendes,,,,,,
Bixaceae B1,293,B1.10,Bixa orellana,Urucum,Antophyta,Magnoliopsida,Malvales,Bixaceae,,Bixa orellana L.,IFNMG - Campus Januária - MG,,Nativa,Ana Alice,,,,,,
Bixaceae B1,294,B1.11,Cocholspermum regium,Algodoeiro do cerrado,Anthophyta,Magnoliopsida,Malvales,Cocholospermaceae,,Cocholspermum regium,Lontra-MG,,Nativa,Camila Lopo,,,,,,
Bixaceae B1,296,B1.12,Bixa orellana,Urucum,Anthophyta,Magnoliopsida,Malvales,Bixaceae,,orellana L.,15º26'43.65'' S 44º 22' 12.49'' O 483M,,Nativa,Tulio Rozeno Neves,,,,,,
Bixaceae B1,297,B1.13,Bixa orellana,Urucum,Anthophyta,Magnoliopsida,Malvales,Bixaceae,,orellana L.,15°26'43.75''S 44°22'12.49''W 483m,,Nativa,Maria Eduarda S. Figueredo,,,,,,
Bixaceae B1,298,B1.14,Bixa orellana,Urucum,Anthophyta,Magnoliopsida,Malvales,Bixaceae,,orellana L.,IFNMG - Campus Januária,,Nativa,Nivia Alves da Silva,,,,,,
Bixaceae B1,299,B1.15,Bixa orellana,Urucum,Anthophyta,Magnoliopsida,Malvales,Bixaceae,,orellana L.,IFNMG Januária,,Nativa,Samuel Amorim,,,,,,
Bixaceae B1,300,B1.16,Cocholspermum regium,Botão de ouro,Anthophyta,Magnoliopsida,Malvales,Cocholospermaceae,,regium,Bonito de Minas,,Nativa,Altheone Barbosa,,,,,,
Bixaceae B1,301,B1.17,Bixa orellana,Urucum,Anthophyta,Magnoliopsida,Malvales,Bixaceae,,orellana L.,"LAT.S: 15°26'45"" e LONG.O: 44°22'10""",,Nativa,Tiago Emanuel de Castro,,,,,,
Bignoniaceae B3,302,B3.1,Pyrostegia venusta var. venusta,Cipó-de-São-João,Antophyta,Magnoliopsida,Lamiales,Bignoniaceae,,Pyrostegia venusta var. venusta,IFNMG/Januária-MG,,Nativa,Higor,,,,,,
Bignoniaceae B3,303,B3.2,Tecoma stans,Ipê-mirim amarelo,Antophyta,Magnoliopsida,Lamiales,Bignoniaceae,,Tecoma stans L.,Januária-MG,,Exótica,Lara Orrany Alves Santos,,,,,,
Bignoniaceae B3,304,B3.3,Tecoma stans L.,Ipê-mirim amarelo,Antophyta,Magnoliopsida,Lamiales,Bignoniaceae,,Tecoma stans L.,IFNMG/Januária-MG,,Exótica,Ana Flávia Viana,,,,,,
Bignoniaceae B3,305,B3.4,Tecoma stans L.,Ipê-mirim amarelo,Antophyta,Magnoliopsida,Lamiales,Bignoniaceae,,Tecoma stans L.,Comunidade Quilombola de Alegre/Januária-MG,,Exótica,Adriele et al.,,,,,,
Bignoniaceae B3,306,B3.5,Zeyheria Montana,"Mandioquinha do campo, bolsa de pastor",Antophyta,Magnoliopsida,Lamiales,Bignoniaceae,,Zeyheria Montana,"Fazenda Larga, Januária-MG",,Nativa,Nanhame,,,,,,
Bignoniaceae B3,307,B3.6,Tecoma stans L.,ipê-mirim amarelo,Antophyta,Magnoliopsida,Lamiales,Bignoniaceae,,Tecoma stans L.,Januária-MG,,Exótica,Dayane N. Pereira,,,,,,
Bignoniaceae B3,308,B3.7,Tecoma stans L.,Ipê-mirim amarelo,Antophyta,Magnoliopsida,Lamiales,Bignoniaceae,,Tecoma stans L.,IFNMG/Januária-MG,,Exótica,Hellem Maysa S. Lima,,,,,,
Bignoniaceae B3,309,B3.8,Handroanthus impetiginosus,"Ipê-roxo, Ipê-do-Cerrado",Antophyta,Magnoliopsida,Lamiales,Bignoniaceae,,Handroanthus impetiginosus,IFNMG/Januária-MG,,Nativa,Kayan Luna,,,,,,
Bignoniaceae B3,310,B3.9,Tecoma stans L.,Ipê-mirim amarelo,Antophyta,Magnoliopsida,Lamiales,Bignoniaceae,,Tecoma stans L.,Januária-MG,,Exótica,Isadora Viana,,,,,,
Bignoniaceae B3,311,B3.10,Tecoma stans L.,Ipê-mirim amarelo,Antophyta,Magnoliopsida,Lamiales,Bignoniaceae,,Tecoma stans L.,IFNMG/Januária-MG,,Exótica,Umberto da R. Rodrigues,,,,,,
Bignoniaceae B3,312,B3.11,Tecoma stans L.,Ipê-mirim amarelo,Antophyta,Magnoliopsida,Lamiales,Bignoniaceae,,Tecoma stans L.,IFNMG/Januária-MG,,Exótica,Juliana,,,,,,
Bignoniaceae B3,313,B3.12,Handroanthus chysanthus,Ipê-amarelo,Antophyta,Magnoliopsida,Lamiales,Bignoniaceae,,Handroanthus chysanthus,IFNMG/Januária-MG,,Exótica,Camila Lopo,,,,,,
Bignoniaceae B3,314,B3.13,Tecoma stans L.,Ipê-mirim amarelo,Antophyta,Magnoliopsida,Lamiales,Bignoniaceae,,Tecoma stans L.,IFNMG/Januária-MG,,Exótica,Arthur Ferreira,,,,,,
Bignoniaceae B3,315,B3.14,Tecoma stans L.,Ipê-mirim amarelo,Antophyta,Magnoliopsida,Lamiales,Bignoniaceae,,Tecoma stans L.,IFNMG/Januária-MG,,Exótica,Ryan Borges,,,,,,
Bignoniaceae B3,316,B3.15,Tecoma stans L.,Ipê-mirim amarelo,Antophyta,Magnoliopsida,Lamiales,Bignoniaceae,,Tecoma stans L.,IFNMG/Januária-MG,,Exótica,Yara Santos,,,,,,
Bignoniaceae B3,317,B3.16,Handroanthus heptaphyllus,Ipê Rosa,Antophyta,Magnoliopsida,Lamiales,Bignoniaceae,,Handroanthus heptaphyllus,IFNMG/Januária-MG,,Nativa,Vanessa Carvalho,,,,,,
Bignoniaceae B3,318,B3.17,Tecoma stans L.,Ipê mirim,Antophyta,Magnoliopsida,Lamiales,Bignoniaceae,,Tecoma stans L.,IFNMG/Januária-MG,,Exótica,Daniel,,,,,,
Bignoniaceae B3,319,B3.18,Pyrostegia venusta,Cipó de São João,Antophyta,Magnoliopsida,Lamiales,Bignoniaceae,,Pyrostegia venusta,Januária-MG,,Nativa,Nilmara Mendes,,,,,,
Bignoniaceae B3,321,B3.19,Handroanthus heptaphyllus,Ipê rosa,Antophyta,Magnoliopsida,Lamiales,Bignoniaceae,,heptaphyllus,Praça Cristo Redentor - Januária-MG,,Nativa,Tiago de Souza Rodrigues,,,,,,
Bignoniaceae B3,322,B3.20,Handroanthus impetiginosus,ipê roxo,Antophyta,Magnoliopsida,Lamiales,Bignoniaceae,,impetiginosus,"15°26'53""S 44°22'03''W",,Nativa,Samuel Rodrigues dos Santos,,,,,,
Bignoniaceae B3,323,B3.21,Zeyheria Montana,Bolsa de pastor,Antophyta,Magnoliopsida,Lamiales,Bignoniaceae,,Montana,"15°57'9.62""S 44°18'35.76""O Lontra-MG",,Nativa,Joelton Ferreira Lima,,,,,,
Bignoniaceae B3,324,B3.22,Handroanthus impetiginosus,Ipê-Roxo,Antophyta,Magnoliopsida,Lamiales,Bignoniaceae,,impetiginosus,"15°26'52.32""S 44°22'02""W 574m",,Nativa,Wellerson Nunes,,,,,,
Bignoniaceae B3,325,B3.23,Handroanthus ochraceus,Ipê-amarelo ou ipê do cerrado,Antophyta,Magnoliopsida,Lamiales,Bignoniaceae,,ochraceus,S15°36'34'' W45°19'15'',,Nativa,Ana Maria da Silva Andrade,,,,,,
Bignoniaceae B3,326,B3.24,Pyrostegia venusta var. venusta,Cipó de São João,Antophyta,Magnoliopsida,Lamiales,Bignoniaceae,,var. venusta,Bom Jardim,,Nativa,Nivia Alves da Silva,,,,,,
Bignoniaceae B3,327,B3.25,Handroanthus heptaphyllus,Ipê Rosa,Antophyta,Magnoliopsida,Lamiales,Bignoniaceae,,heptaphyllus,IFNMG-Januária,,Nativa,Théo Ângelo Ribeiro,,,,,,
Bignoniaceae B3,328,B3.26,Handroanthus heptaphyllus,Ipê Rosa,Antophyta,Magnoliopsida,Boraginales,Boraginaceae,,heptaphyllus,Rua Rondônia- Itacarambi,,Nativa,Cássio de Assis Pereira,,,,,,
Bignoniaceae B3,329,B3.27,Handroanthus ochraceus,Ipê-amarelo ou ipê amarelo,Antophyta,Magnoliopsida,Lamiales,Bignoniaceae,,ochraceus,Zona rural: sitio novo/Umburana,,Nativa,Karina,,,,,,
Bignoniaceae B3,330,B3. 28,Jacaranda mimosifolia,Jacarandá-mimoso,Antophyta,Magnoliopsida,Lamiales,Bignoniaceae,,mimosifolia,"15º28'33,4'' S 44º21'57,5'' W",,Exótica,Gisele Lopes Carneiro,,,,,,
Bignoniaceae B3,331,B3.29,Handroanthus ochraceus,Ipê-amarelo,Antophyta,Magnoliopsida,Lamiales,Bignoniaceae,,ochraceus,Zona rural- Formosa,,Nativa,Desconhecido,,,,,,
Bignoniaceae B3,332,B3.30,Handroanthus heptaphyllus,Ipê Rosa,Antophyta,Magnoliopsida,Boraginales,Boraginaceae,,heptaphyllus,15'28'54.2S 44'22'07.9''W,,Nativa,Gysele Lopes Carneiro,,,,,,
Bignoniaceae B3,333,B3.31,Handroanthus impetiginosus,Ipê-roxo,Antophyta,Magnoliopsida,Lamiales,Bignoniaceae,,impetiginosus,Desconhecido,,Nativa,Filipe Ferreira,,,,,,
Bignoniaceae B3,334,B3.32,Handroanthus ochraceus,Ipê-amarelo,Antophyta,Magnoliopsida,Lamiales,Bignoniaceae,,ochraceus,IFNMG Januária,,Nativa,Desconhecido,,,,,,
Bignoniaceae B3,335,B3.33,Tecoma stans L.,Ipê de jardim,Antophyta,Magnoliopsida,Lamiales,Bignoniaceae,,stans L.,IFNMG Januária,,Exótica,Desconhecido,,,,,,
Bignoniaceae B3,336,B3.34,Handroanthus impetiginosus,Ipê-roxo,Antophyta,Magnoliopsida,Lamiales,Bignoniaceae,,impetiginosus,"LAT.S: 15°26'52"" e LONG.O: 44°22'2""",,Nativa,Tiago Emanoel de Castro,,,,,,
Bignoniaceae B3,337,B3. 35,Zeyheria tuberculosa,Ipê-felpudo,Antophyta,Magnoliopsida,Lamiales,Bignoniaceae,,tuberculosa,"LAT.S: 15°22'9"" e LONG.O: 44°19'10""",,Nativa,Tiago Emanoel de Castro,,,,,,
Bignoniaceae B3,338,B3.36,Handroanthus ochraceus,Ipê-amarelo,,,,,,,Zona-Rural Formosa MG,,,Desconhecido,,,,,,
Bignoniaceae B3,339,B3. 37,Handroanthus impetiginosus,Ipe roxo,,,,,,,"LAT.S: 15°26'52"" e LONG.O: 44°22'2""",,,Tiago Emanoel de Castro,,,,,,
Buddlejaceae B4,340,B4. 1,Buddleja madagascariensis Lam.c,Erva de Passarinho,Anthophyta,Magnoliopsida,Lamiales,Buddlejaceae,,Madagascariensis,IFNMG/ Januária,,Naturalizada,Jaqueline,,,,,,
Balsaminaceae B5,342,B5.1,Impatiens walleriana,Maria Sem Vergonha,Anthophyta,Magnoliopsida,Ericales,Balsaminaceae,,Impatiens walleriana,IFNMG / Januária,,Exótica,Jaqueline Lemos,,,,,,
Brassicaceae B6,344,B6.1,Respistrum rugosum,Mostarda Selvagem,Anthophyta,Magnoliopsidsa,Brassicales,Brassicaceae,,Rapistrum rugosum (L.) All,São João das Missões-MG,,Exótica,Fábio Luís,,,,,,
Begoniaceae B7,346,B7.1,Begonia grandis,Begônia,Anthophyta,Magnolipsida,Cucurbitales,Begoniaceae,,Begonia grandis,"Pedras de Maria da Cruz, MG",,Exótica,Eleissa Oliveira,,,,,,
Curcubitaceae C1,348,C1.1,Mamordica charantia L.,Mamão de São Caetano,Athophyta,Magnoliopsida,Curcubitales,Curcubitaceae,,Mamordica charantia,"Barreiro, Januária - MG",,Exótica,Moser Carvalho,,,,,,
Curcubitaceae C1,349,C1.2,Mamordica charantia L.,Melão de São Caetano,Athophyta,Magnoliopsida,Curcubitales,Curcubitaceae,,Mamordica charantia L.,Proximidades do IFNMG - Januária,,Naturalizada,Kayan Luna Ferreira,,,,,,
Curcubitaceae C1,350,C1.3,Mamordica charantia L.,Melão de São Caetano,Athophyta,Magnoliopsida,Curcubitales,Curcubitaceae,,Mamordica charantia L.,Januária - MG,,Naturalizada,Renata Almeida,,,,,,
Curcubitaceae C1,351,C1.4,Luffa aegyptiaca Mill.,Bucha,Athophyta,Magnoliopsida,Curcubitales,Curcubitaceae,,Luffa aegyptiaca Mill.,Lontr - MG,,Cultivada,Milene Santos,,,,,,
Curcubitaceae C1,352,C1.5,Mamordica charantia L.,Melão de São Caetano,Athophyta,Magnoliopsida,Curcubitales,Curcubitaceae,,Mamordica charantia,Desconhecido,,Naturalizada,Arthur Ferreira,,,,,,
Curcubitaceae C1,353,C1.6,Cucumis Satiuus,Pepino,Athophyta,Magnoliopsida,Curcubitales,Curcubitaceae,,Cucumis Satiuus,Januária - MG,,Cultivada,Ana Clara Ribeiro,,,,,,
Curcubitaceae C1,354,C1.7,Mamordica charantia L.,Melão de São Caetano,Athophyta,Magnoliopsida,Curcubitales,Curcubitaceae,,Mamordica charantia,IFNMG - Januária MG,,Naturalizada,Jessica,,,,,,
Curcubitaceae C1,355,C1.8,Cucurbita pepo L.,Abóbora,Athophyta,Magnoliopsida,Curcubitales,Curcubitaceae,,Cucurbita pepo L.,Januária - MG,,Cultivada,Juliana Durães,,,,,,
Curcubitaceae C1,356,C1.9,Mamordica charantia L.,Melão de São Caetano,Athophyta,Magnoliopsida,Curcubitales,Curcubitaceae,,Mamordica charantia,Pandeiros- Januária/ MG,,Naturalizada,Geiciele da Silva Borges,,,,,,
Curcubitaceae C1,357,C1.10,Mamordica charantia L.,Melão de São Caetano,Athophyta,Magnoliopsida,Curcubitales,Curcubitaceae,,Mamordica charantia,Januária - MG,,Naturalizada,Nilmara Mendes,,,,,,
Curcubitaceae C1,358,C1.11,Coccinia grandis,Pepino Vermelho,Athophyta,Magnoliopsida,Curcubitales,Curcubitaceae,,Coccinea grandis,Riacho da Cruz - Januaria MG,,Naturalizada,Istefany de Souza,,,,,,
Curcubitaceae C1,359,C1.12,Cucurbita pepo L.,Abóbora,Athophyta,Magnoliopsida,Curcubitales,Curcubitaceae,,Cucurbita pepo L.,IFNMG - Campus Januária MG,,Cultivada,Milene,,,,,,
Curcubitaceae C1,361,C1.13,Mamordica charantia L.,Melão de São Caetano,Athophyta,Magnoliopsida,Curcubitales,Curcubitaceae,,Momordica charantia L.,Januária - MG,,Naturalizada,Guilherme Cangussu,,,,,,
Curcubitaceae C1,362,C1.14,Cucurbita pepo L.,Abóbora,Athophyta,Magnoliopsida,Curcubitales,Curcubitaceae,,pepo L.,IFNMG - Campus Januária (olericultura ),,Cultivada,Alcides Fernandes,,,,,,
Combretaceae C2,363,C2.1,Combretum indicum,Jasmim da India,Anthophyta,Magnoliopsida,Myrtales,Combretaceae,,Combretum indicum,"R: Idália Martins Soares, Januária - MG",,Nativa,Marcos Ramos,,,,,,
Combretaceae C2,364,C2.2,Combretum indicum,Jasmim da India,Anthophyta,Magnoliopsida,Myrtales,Combretaceae,,Combretum indicum,Januária - MG,,Nativa,Samara,,,,,,
Combretaceae C2,366,C2.3,Terminalia catappa,Coquinho de morcego,Anthophyta,Magnoliopsida,Myrtales,Combretaceae,,Terminalia catappa,IFNMG - Januária,,Cultivada,Desconhecido,,,,,,
Convolvulaceae C3,367,C3.1,Calystegia sepium (L.) R.Br,Corda de Viola,Anthophyta,Magnoliopsida,Solanales,Convolvulaceae,,Calystegia sepium (L.) R.Br,Desconhecido,,Naturalizada,Brenda,,,,,,
Convolvulaceae C3,368,C3.2,Ipomoea cornea,Algodão Bravo,Anthophyta,Magnoliopsida,Solanales,Convolvulaceae,,Ipomoea cornea Jacq.,R: 13 de Maio. Januária - MG,,Nativa,Ryan Borges,,,,,,
Convolvulaceae C3,369,C3.3,Ipomoea cornea,Algodão Bravo,Anthophyta,Magnoliopsida,Solanales,Convolvulaceae,,Ipomoea cornea Jacq.,Januária - MG,,Nativa,Ana Clara Ribeiro,,,,,,
Convolvulaceae C3,370,C3.4,Evolvulus nuttallianus L.,Glória da Manhã,Anthophyta,Magnoliopsida,Solanales,Convolvulaceae,,Evolvulus nuttallianus L.,IFNMG - Campus Januária - MG,,Nativa,Ana Flávia Viana,,,,,,
Convolvulaceae C3,371,C3.5,Evolvulus nuttallianus L.,Glória da Manhã,Anthophyta,Magnoliopsida,Solanales,Convolvulaceae,,Evolvulus nuttallianus L.,IFNMG - Campus Januária - MG,,Nativa,Alcides,,,,,,
Convolvulaceae C3,372,C3.6,Ipomoea cornea,Algodão bravo,Anthophyta,Magnoliopsida,Solanales,Convolvulaceae,,Ipomoea cornea Jacq.,Centro de Januária - MG,,Nativa,Desconhecido,,,,,,
Convolvulaceae C3,373,C3.7,Ipomoea cornea,Algodão bravo,Anthophyta,Magnoliopsida,Solanales,Convolvulaceae,,Ipomoea cornea Jacq.,Januária - MG,,Nativa,Nívea Alves da Silva,,,,,,
Convolvulaceae C3,374,C3.8,Ipomoea carnea,Algodão bravo,Anthophyta,Magnoliopsida,Solanales,Convolvulaceae,,carneae,IFNMG - Campus Januária - MG,,Nativa,Adan Clizan,,,,,,
Convolvulaceae C3,376,C3.9,Ipomoea carnea,Algodão bravo,Anthophyta,Magnoliopsida,Solanales,Convolvulaceae,,carneae,Desconhecido,,Nativa,Tulio Rozeno Neves,,,,,,
Convolvulaceae C3,377,C3.10,Ipomoea carnea,Algodão bravo,Anthophyta,Magnoliopsida,Solanales,Convolvulaceae,,carneae,15°28'61''S 44°21'55''W 414m,,Nativa,Tayla Santiago,,,,,,
Convolvulaceae C3,378,C3.11,Ipomoea carnea,Algodão bravo,Anthophyta,Magnoliopsida,Solanales,Convolvulaceae,,carneae,Rua Marcolina M. Batista Nunes da Costa- Januária,,Nativa,Thâmilly Vieira Golçalves,,,,,,
Convolvulaceae C3,379,C3.12,Ipomoea carnea,Algodão bravo,Anthophyta,Magnoliopsida,Solanales,Convolvulaceae,,carneae,Januária,,Nativa,Karina Figueredo,,,,,,
Convolvulaceae C3,380,C3. 13,Ipomoea carnea,Algodão bravo,Anthophyta,Magnoliopsida,Solanales,Convolvulaceae,,carneae,-15.444792 -44.370977,,Nativa,Cyrus Pereira Araújo,,,,,,
Convolvulaceae C3,381,C3.14,Ipomoea carnea,Algodão bravo,Anthophyta,Magnoliopsida,Solanales,Convolvulaceae,,carneae,15'29'09.7''S 44'2211.''W,,Nativa,Gisele Lopes Carneiro,,,,,,
Convolvulaceae C3,382,C3. 15,Ipomoea carnea,Algodão bravo,Anthophyta,Magnoliopsida,Solanales,Convolvulaceae,,cornea,Januária MG,,Nativa,Desconhecido,,,,,,
Convolvulaceae C3,383,C3.16,Ipomoea carnea,Algodão bravo,Anthophyta,Magnoliopsida,Solanales,Convolvulaceae,,cornea,LAT.S 15°28'51'' e LONG.O 44°22',,Nativa,Pedro Mateus Farias,,,,,,
Cocholospermaceae C4,384,C4.1,Cocholspermum regium,Algodoeiro do cerrado,Anthophyta,Magnoliopsida,Malvales,Cocholospermaceae,,Cocholspermum regium,Lontra-MG,,Nativa,Camila Lopo,,,,,,
Caryocaraceae C5,386,C5.1,Caryoca brasilienses,Pequi,Anthophyta,Magnoliopsida,Malpighiales,Caryocaceae,,Caryoca brasilienses,Bonito de Minas - MG,,Nativa,Camila Lopo,,,,,,
Caryocaraceae C5,387,C5.2,Caryoca brasilienses,Pequi,Anthophyta,Magnoliopsida,Malpighiales,Caryocaceae,,Caryoca brasilienses,IFNMG - Campus Januária MG,,Nativa,Kayan Luna,,,,,,
Caryocaraceae C5,388,C5.3,Caryoca brasilienses,Pequi,Anthophyta,Magnoliopsida,Malpighiales,Caryocaceae,,Caryoca brasilienses,Bonito de Minas - MG,,Nativa,Islane Reis Rodrigues Silva,,,,,,
Caryocaraceae C5,389,C5.4,Caryoca brasilienses,Pequi,Anthophyta,Magnoliopsida,Malpighiales,Caryocaceae,,Caryoca brasilienses,Januária - MG,,Nativa,Flávia Lisboa,,,,,,
Caryocaraceae C5,390,C5.5,Caryoca brasilienses,Pequi,Anthophyta,Magnoliopsida,Malpighiales,Caryocaceae,,Caryoca brasilienses,IFNMG - Campus Januária MG,,Nativa,Raiane da Silva Rocha,,,,,,
Caryocaraceae C5,391,C5.6,Caryoca brasilienses,Pequi,Anthophyta,Magnoliopsida,Malpighiales,Caryocaceae,,Caryoca brasilienses,Cruz dos Araújos -MG,,Nativa,Nilmara Mendes,,,,,,
Caryocaraceae C5,392,C5.7,Caryoca brasilienses,Pequi,Anthophyta,Magnoliopsida,Malpighiales,Caryocaceae,,Caryoca brasilienses,Bonito de Minas - MG,,Nativa,Samara,,,,,,
Caryocaraceae C5,393,C5.8,Caryoca brasilienses,Pequi,Anthophyta,Magnoliopsida,Malpighiales,Caryocaceae,,Caryoca brasilienses,São João da Ponte,,Nativa,Desconhecido,,,,,,
Caryocaraceae C5,395,C5.9,Caryoca brasilienses,Pequi,Anthophyta,Magnoliopsida,Malpighiales,Caryocaceae,,Caryoca brasilienses,Desconhecido,,Nativa,Desconhecido,,,,,,
Caryocaraceae C5,396,C5.10,Caryoca brasilienses,Pequi,Anthophyta,Magnoliopsida,Malpighiales,Caryocaceae,,brasilienses,"-15.4922718, -44.7548830",,Nativa,"Cyrus Pereira Araújo, Ana Luisa e Gisele",,,,,,
Caryophyllaceae C6,397,C6.1,Gypsophila paniculata L.,Mosquitinho,Anthophyta,Magnoliopsida,Caryophyllales,Caryophyllaceae,,Gypsophila paniculata L.,Desconhecido,,Cultivada,Victor Campos,,,,,,
Commelinaceae C7,398,C7.1,Commelina benghalensis,Trapoeraba,Anthophyta,Lilopsida,Commelinales,Commelinaceae,,C. benghalensis,IFNMG - Campus Januária - MG,,Exótica,Juliana,,,,,,
Commelinaceae C7,399,C7.2,Trandescantia pallida,Trapoeraba roxa,Anthophyta,Lilopsida,Commelinales,Commelinaceae,,Trandescantia pallida,IFNMG - Campus Januária - MG,,Exótica,Elen A. Nunes Barbosa,,,,,,
Commelinaceae C7,400,C7.3,Trandescantia pallida,Trapoeraba roxa,Anthophyta,Lilopsida,Commelinales,Commelinaceae,,Trandescantia pallida,Januária - MG,,Exótica,Carlos Gabriel Lopes Santos,,,,,,
Commelinaceae C7,402,C7. 4,Commelina erecta,Erva de Santa-Luzia,Anthophyta,Lilopsida,Commelinales,Commelinaceae,,erecta,-15.475056 -44.363522,,Exótica,Ana Luisa VianaCoelho,,,,,,
Cactaceae  C8,403,C8.1,Brasiliopuntia brasiliensis,Urumbeba,Anthophyta,Magnoliopsida,Caryophyllales,Cactaceae,,brasiliensis,Pedras de Maria da Cruz,,Nativa,Élen Pereira,,,,,,
Cactaceae  C8,405,C8.2,Opuntia cochenillifera,Palma,Anthophyta,Magnoliopsida,Caryophyllales,Cactaceae,,cochenillifera,-15.447902S -44.372197W,,Naturalizada,Cássio de Assis Pereira,,,,,,
Cactaceae  C8,406,C8.3,Pereskia aculeata,ora-pro-nóbis,Anthophyta,Magnoliopsida,Caryophyllales,Cactaceae,,aculeata,Zona Rural: Sitio novo/Umburana,,nativa,Karina Figueredo,,,,,,
Cactaceae  C8,407,C8.4,Pitosocereus pachycladus,Facheiro,,,,,,,Morro do Brejo do Amparo ( 15º26`38.77~S -44º24`10.79 O,,,Thiago Souza Rodrigues,,,,,,
Cactaceae  C8,408,C8.5,Schlumbergera truncata,cacto flor de maio,,,,,,,Riacho da Cruz -15377591 -44431003,,,Everton,,,,,,
Chrysobalanaceae C10,409,C10.1,Monquilea tomentosa,Oiti / Goiti,Anthophyta,Magnoliopsida,Malpighiales,Chrysobalanaceae,,Monquilea tomentosa,IFNMG - Januária - MG,,Exótica,Elen A. Nunes Barbosa,,,,,,
Caricaceae C11,444,C11.1,Carica papaya L.,Mamão papaya,Angiospermae,Magnoliopsida,Brassicales,Caricaceae,,Carica papaya L.,Januária - MG,,,Sara Alves,,,,,,
Crassulaceae C12,445,C12.1,Kalanchoe blossfeldiana,Flor da fortuna,Anthophyta,Magnoliopsida,Saxifragales,Crassulaceae,,Kalanchoe blossfeldiana,Patis - MG,,Cultivada,Ketley,,,,,,
Boraginaceae B2,446,B2.1,Cordia alliordora,Frei- Jorge,Antophyta,Magnoliopsida,Boraginales,Boraginaceae,,Cordia alliordora,Bairro Jatoba - Januária MG,,Nativa,Lara Orrany,,,,,,
Boraginaceae B2,447,B2.2,Cordia glabrata (Mart.) L,Freijó,Antophyta,Magnoliopsida,Boraginales,Boraginaceae,,Cordia glabrata (Mart.) L,IFNMG - Campus Januária - MG,,Nativa,Ana Flavia Viana,,,,,,
Boraginaceae B2,448,B2.3,Cordia alliodora,Frei - Jorge,Antophyta,Magnoliopsida,Boraginales,Boraginaceae,,Cordia alliordora,Lontra - MG,,Nativa,Milene Santos,,,,,,
Boraginaceae B2,449,B2.4,Cordia glabrata (Mart.) L,Louro Preto,Antophyta,Magnoliopsida,Boraginales,Boraginaceae,,Cordia glabrata (Mart.) L,IFNMG - Campus Januária - MG,,Nativa,Kayan Luna Ferreira,,,,,,
Boraginaceae B2,450,B2.5,Cordia glabrata,Louro Branco,Antophyta,Magnoliopsida,Boraginales,Boraginaceae,,Cordia glabrata (Mart.) L,"Avenida Leão XIII, Januária - MG",,Nativa,Renata Santos,,,,,,
Boraginaceae B2,451,B2.6,Cordia alliodora,Louro Amarelo,Antophyta,Magnoliopsida,Boraginales,Boraginaceae,,Cordia alliordora,IFNMG - Campus Januária - MG,,Nativa,Camila Lopo,,,,,,
Boraginaceae B2,452,B2.7,Cordia alliodora,Louro amarelo,Antophyta,Magnoliopsida,Boraginales,Boraginaceae,,Cordia alliodora,Bom Jardim - Januária MG,,Nativa,Avilson,,,,,,
Boraginaceae B2,453,B2.8,Cordia glabrata,Louro Preto,Antophyta,Magnoliopsida,Boraginales,Boraginaceae,,Cordia glabrata,Cabeceira de Ranelaria - Bonito de Minas = MG,,Nativa,Daiane Alves Rodrigues,,,,,,
Boraginaceae B2,454,B2.10,Cordia alliodora,Erva Rei,Antophyta,Magnoliopsida,Boraginales,Boraginaceae,,Cordia alliodora,Pedras de Maria da Cruz - MG,,Nativa,Vanessa Carvalho,,,,,,
Cordiaceae C13,455,C13.1,Cordia glabrata,Cordia,Antophyta,Magnoliopsida,Boraginales,Cordiaceae,,glabrata,15°26'55.27''S 44°22'20.26''W,,Nativa,Samuel Rodrigues dos Santos,,,,,,
Cordiaceae C13,456,C13.2,Cordia insignis,louro preto,Antophyta,Magnoliopsida,Boraginales,Cordiaceae,,insignis,15°26'58''S 44°58'24''W 483M,,Nativa,Wellerson Nunes,,,,,,
Cordiaceae C13,457,C13.3,Cordia glabrata,Louro amarelo,Antophyta,Magnoliopsida,Boraginales,Cordiaceae,,alliodora,15º 37'54'' S 44º 26''4162'',,Nativa,Kaio Rodrrigues da Silva,,,,,,
Cordiaceae C13,458,C13.4,Cordia glabrata,louro preto,Antophyta,Magnoliopsida,Boraginales,Cordiaceae,,,Av. Montes Claros - Pedras de Maria da Cruz Mg,,Nativa,Vanessa Carvalho,,,,,,
Cordiaceae C13,459,C13.5,Cordia glabrata,,Antophyta,Magnoliopsida,Boraginales,Cordiaceae,,,Cabeceira do Rio Pandeiros - Bonito de Minas,,Nativa,Daiane Alves Rodrigues,,,,,,
Cordiaceae C13,460,C13.6,Cordia glabrata,,Antophyta,Magnoliopsida,Boraginales,Cordiaceae,,,Bom Jardim - Januária MG,,Nativa,Arlison,,,,,,
Cordiaceae C13,461,C13.7,Cordia glabrata,,Antophyta,Magnoliopsida,Boraginales,Cordiaceae,,,IFNMG - Campus Januária,,Nativa,Ana Flávia Viana,,,,,,
Cordiaceae C13,462,C13.8,Cordia glabrata,,Antophyta,Magnoliopsida,Boraginales,Cordiaceae,,,Lontra -MG,,Nativa,Milene Santos,,,,,,
Cordiaceae C13,463,C13.9,Cordia glabrata,,Antophyta,Magnoliopsida,Boraginales,Cordiaceae,,,Desconhecido,,,Kauan Luna Ferreira,,,,,,
Cordiaceae C13,464,C13.10,Cordia glabrata,,Antophyta,Magnoliopsida,Boraginales,Cordiaceae,,,"Av. leão 13, Bairro Alto das poções - Januária MG",,Nativa,Renata Santos de Almeida Duarte,,,,,,
Cordiaceae C13,465,C13.11,Cordia glabrata,,Antophyta,Magnoliopsida,Boraginales,Cordiaceae,,,,,,Camila Lopo,,,,,,
Cordiaceae C13,466,C13.12,Cordia glabrata,,Antophyta,Magnoliopsida,Boraginales,Cordiaceae,,,Bairro Jatobá,,,Lora Lorrany Alves Santos,,,,,,
Cordiaceae C13,467,C13.13,Cordia glabrata,Louro Amarelo,Antophyta,Magnoliopsida,Boraginales,Cordiaceae,,alliodora,15º 28' 52.7'' S 44º 22' 12.8'' W,,Nativa,Gisele Lopes Carneiro,,,,,,
Cordiaceae C13,468,C13.14,Cordia glabrata,,Antophyta,Magnoliopsida,Boraginales,Cordiaceae,,glabrata,Posto de Saude ( Bom Jardim) - Januaria MG,,Nativa,Alcides Fernandes,,,,,,
Cordiaceae C13,469,C13.15,Cordia glabrata,Cordia,Antophyta,Magnoliopsida,Boraginales,Cordiaceae,,glabrata,LAT.S: 15º 27'' 20' LONG.O: 44º 22' 8'',,Nativa,Pedro Mateus Farias,,,,,,
Cordiaceae C13,470,C13.16,Cordia glabrata,,,,,,,,-15º27`14.6` S -44º22`11.6` W,,Nativa,Laressa Gomes,,,,,,
Cordiaceae C13,471,C13.17,Cordia glabrata,,,,,,,,Agroecologia - IFNMG Campus Januária,,,Tátila Lopes,,,,,,
Costaceae C14,472,C14.1,Costus spicatus,Cana do brejo,Anthophyta,Liliospida,Zingiberales,Costaceae,,Costus spicatus,Bonito de Minas,,Nativa,Alteone Barbosa,,,,,,
Costaceae C14,473,C14.2,Costus spicatus,Cana do brejo,Anthophyta,Liliospida,Zingiberales,Costaceae,,Costus spicatus,"-15º.475056, -44.363522",,Nativa,Ana Luisa Viana Coelho,,,,,,
Cyperaceae C15,474,C15.1,Cyperus rotundus,Tiririca,Anthophyta,Liliopsida,Poales,Cyperaceae,,rotundus L.,IFNMG-Januária,,Exótica,Desconhecido,,,,,,
Dilleniaceae D1,475,D1.1,Curatella americana L.,Lixeira,Anthophyta,Magnoliopsida,Malpighiales,Dilleniaceae,,americana,15°17'24''S 44°49'21''W,,Nativa,Samuel Rodrigues dos Santos,,,,,,
Euphorbiaceae E1,476,E1.1,Euphorbia leucoceohala,Neve da Montanha,Anthophyta,Magnoliopsida,Malpighiales,Euphorbiaceae,,Euphorbia leucoceohala,Januária - MG,,Nativa,Wanderson,,,,,,
Euphorbiaceae E1,477,E1.2,Jatropha integerrima Jacq.,Peregrine,Anthophyta,Magnoliopsida,Malpighiales,Euphorbiaceae,,Jatropha integerrima Jacq.,IFNMG - Januária MG,,Nativa,Lucas Monteiro Aguiar,,,,,,
Euphorbiaceae E1,478,E1.3,Ricinus communis Var. brasiliensis L.,Mamona,Anthophyta,Magnoliopsida,Malpighiales,Euphorbiaceae,,Ricinus communis Var. brasiliensis L.,Januária - MG,,Nativa,Ana Clara Ribeiro,,,,,,
Euphorbiaceae E1,479,E1.4,Jatropha integerrima Jacq.,Peregrine,Anthophyta,Magnoliopsida,Malpighiales,Euphorbiaceae,,Jatropha integerrima Jacq.,IFNMG - Januária MG,,Nativa,Erick Soares,,,,,,
Euphorbiaceae E1,480,E1.5,Ricinus communis L.,Mamona,Anthophyta,Magnoliopsida,Malpighiales,Euphorbiaceae,,Ricinus communis Var. brasiliensis L.,São João das Missões - MG,,Nativa,Fábio Luis,,,,,,
Euphorbiaceae E1,481,E1.6,Jatropha integerrima Jacq.,Peregrina,Anthophyta,Magnoliopsida,Malpighiales,Euphorbiaceae,,Jatropha integerrima Jacq.,IFNMG - Januária MG,,Nativa,Mariane Gonçalves Oliveira,,,,,,
Euphorbiaceae E1,482,E1.7,Euphorbia pulcherrima willd. ex klotzsch,Bico de papagaio,Anthophyta,Magnoliopsida,Malpighiales,Euphorbiaceae,,Euphorbia pulcherrima willd. ex klotzsch,Fazenda Capivaras - Januária - MG,,Nativa,"Adriele, Caroline, Hellen, Laires, Lairton, Neila, William.",,,,,,
Euphorbiaceae E1,483,E1.8,Jatropha elegans Var gossypiifolia (Poh) Mull. Arg,Picão Rocho,Anthophyta,Magnoliopsida,Malpighiales,Euphorbiaceae,,Jatropha elegans Var gossypiifolia (Poh) Mull. Arg,Proximidades do IFNMG - Januária MG,,Nativa,José Mourão,,,,,,
Euphorbiaceae E1,484,E1.9,Ricinus communis var brasiliensis L.,Mamona,Anthophyta,Magnoliopsida,Malpighiales,Euphorbiaceae,,Ricinus communis var brasiliensis L.,R. Quatro - Januária - MG,,Nativa,"Adriele, Caroline, Hellen, Laires, Lairton, Neila, William.",,,,,,
Euphorbiaceae E1,485,E1.10,Acalyphas riptans L.,Rabo de gato,Anthophyta,Magnoliopsida,Malpighiales,Euphorbiaceae,,Acalyphas riptans L.,IFNMG - Januária MG,,Cultivada,Ana Flávia Viana,,,,,,
Euphorbiaceae E1,486,E1.11,Jatropha integerrima Jacq.,Peregrina,Anthophyta,Magnoliopsida,Malpighiales,Euphorbiaceae,,Jatropha integerrima Jacq.,IFNMG - Januária MG,,Nativa,Arthur Ferreira,,,,,,
Euphorbiaceae E1,487,E1.12,Ricinus communis L.,Mamona,Anthophyta,Magnoliopsida,Malpighiales,Euphorbiaceae,,Ricinus communis,Januária - MG,,Nativa,Sara Alves,,,,,,
Euphorbiaceae E1,488,E1.13,Euphorbia hirta L.,Erva de Santa Luzia,Anthophyta,Magnoliopsida,Malpighiales,Euphorbiaceae,,Jatropha integerrima Jacq.,Jaíba/MG,,Nativa,Ana Luiza de Souza,,,,,,
Euphorbiaceae E1,489,E1.14,Euphorbia hirta L.,Erva de Santa Luzia,Anthophyta,Magnoliopsida,Malpighiales,Euphorbiaceae,,Jatropha integerrima Jacq.,R João Lopes da Mata - Januária MG,,Nativa,Lucas Figueiredo,,,,,,
Euphorbiaceae E1,490,E1.15,Ricinus communis L.,Mamona,Anthophyta,Magnoliopsida,Malpighiales,Euphorbiaceae,,Ricinus communis L.,Januária - MG,,Nativa,Widy,,,,,,
Euphorbiaceae E1,491,E1.16,Euphorbia gramínea,Cabelo de Velho,Anthophyta,Magnoliopsida,Malpighiales,Euphorbiaceae,,Euphorbia gramínea,IFNMG - Campus Januária MG,,Naturalizada,Guilherme Cangussu,,,,,,
Euphorbiaceae E1,492,E1. 17,Euphorbia hirta L.,Erva de Santa Luzia,Anthophyta,Magnoliopsida,Malpighiales,Euphorbiaceae,,hirta L.,Januária -MG,,Nativa,Heriny F.M. Xavier,,,,,,
Euphorbiaceae E1,493,E1. 18,Manihot esculenta,Mandioca,Anthophyta,Magnoliopsida,Malpighiales,Euphorbiaceae,,esculente,Área do laboratório de interações biológicas - IFNMG Campus Januária - MG,,Nativa,Tiago de Souza Rodrigues,,,,,,
Euphorbiaceae E1,494,E1.19,Euphorbia hirta L.,Erva de Santa Luzia,Anthophyta,Magnoliopsida,Malpighiales,Euphorbiaceae,,,15 26 54.08 - 44 22 99'3 0,,,Tiago de Souza Rodrigues,,,,,,
Euphorbiaceae E1,495,E1.20,Jatropha elegans var. gossypiifolia,Pinhão-Roxo,Anthophyta,Magnoliopsida,Malpighiales,Euphorbiaceae,,gossypiifolia,"15°27'34.17""S 44°21'54.09""O",,Nativa,Tiago de Souza Rodrigues,,,,,,
Euphorbiaceae E1,496,E1.21,Manihot esculenta,Mandioca,Anthophyta,Magnoliopsida,Malpighiales,Euphorbiaceae,,esculenta,Desconhecido,,Nativa,Paula Vitória Santos Peckimim,,,,,,
Euphorbiaceae E1,497,E1.22,Euphorbia heterophylla L.,Amendoim-bravo,Anthophyta,Magnoliopsida,Malpighiales,Euphorbiaceae,,heterophylla L.,IFNMG-Campus Januária,,Nativa,Nívia Alves da Silva,,,,,,
Euphorbiaceae E1,498,E1.23,Jatropha elegans var. gossypiifolia,Pinhão-Roxo,Anthophyta,Magnoliopsida,Malpighiales,Euphorbiaceae,,gossypiifolia,"Rua 18, n° 310, bairro Jadete, Januária MG",,Nativa,Thâmilly Vieira Gonçalves,,,,,,
Euphorbiaceae E1,499,E1.24,Ricinus communis L.,Mamona,Anthophyta,Magnoliopsida,Malpighiales,Euphorbiaceae,,communis,Rua Rondônia 141- Itacarambi MG,,Nativa,Cássio de Assis Pereira,,,,,,
Euphorbiaceae E1,500,E1.25,Manihot esculenta crantz,Mandioca,Anthophyta,Magnoliopsida,Malpighiales,Euphorbiaceae,,esculenta,Zona rural : Sítio novo/ Umburana,,Nativa,Karina Figueredo,,,,,,
Euphorbiaceae E1,501,E1.26,Jatropha gossypiifolia,Pinhão-Roxo,Anthophyta,Magnoliopsida,Malpighiales,Euphorbiaceae,,gossypiifolia,Bom Jardim (ao lado do restaurante),,Nativa,Alcides Fernandes,,,,,,
Euphorbiaceae E1,502,E1.27,Euphorbia heterophylla L.,Leiteira,Anthophyta,Magnoliopsida,Malpighiales,Euphorbiaceae,,heterophylla L.,IFNMG-Januária,,Nativa,Desconhecida,,,,,,
Euphorbiaceae E1,503,E1.28,Jatropha integerrima Jacq.,Peregrina,Anthophyta,Magnoliopsida,Malpighiales,Euphorbiaceae,,integerrima Jacq.,IFNMG-Januária,,Nativa,Desconhecida,,,,,,
Euphorbiaceae E1,504,E1.29,Jatropha gossypiifolia,Pinhão-Roxo,Anthophyta,Magnoliopsida,Malpighiales,Euphorbiaceae,,gossypiifolia,LAT.S 15°28'10'' e LONG.O 44°22'11'',,Nativa,Pedro Mateus Farias,,,,,,
Euphorbiaceae E1,505,E1.30,Jatropha gossypiifolia,,,,,,,,-15º 28`01.6`S -44º22`13.7`W,,,Larissa Gomes,,,,,,
Euphorbiaceae E1,506,E1. 31,Euphorbia heterophylla L.,,,,,,,,IFNMG- Campus Januária (-15.446.103 -44.367.378),,,Larissa e Warley,,,,,,
Fabaceae F1,507,F1.1,Crotálaria junica,Crolalacio,Anthophyta,Magnoliopsida,Fabales,Fabaceae,,Crotálaria junica,IFNMG/ Januária MG,,Nativa,Erick Mota,,,,,,
Fabaceae F1,508,F1.2,Strophostyles leiosperma,-,Anthophyta,Magnoliopsida,Fabales,Fabaceae,,Strophostyles leiosperma,IFNMG/ Januária MG,,Exótica,Clara Elis Ferreia,,,,,,
Fabaceae F1,509,F1.3,Senna occidentalis,Fedegoso,Anthophyta,Magnoliopsida,Fabales,Fabaceae,,Senna occidentalis,IFNMG/ Januária MG,,Nativa,José Mourão,,,,,,
Fabaceae F1,510,F1.4,Caesalpinia pulcherrima,Flamboyan/ Mirim,Anthophyta,Magnoliopsida,Fabales,Fabaceae,,Caesalpinia pulcherrima,IFNMG/ Januária MG,,Cultivada,Lucas Alves Ferreira,,,,,,
Fabaceae F1,511,F1.5,Senna occidentalis,Casi Ruba,Anthophyta,Magnoliopsida,Fabales,Fabaceae,,Senna occidentalis,Bonito de Minas/ MG,,Nativa,Camila Lopo,,,,,,
Fabaceae F1,512,F1.6,Senna corymbosa,Sena do Campo,Anthophyta,Magnoliopsida,Fabales,Fabaceae,,Senna corymbosa,IFNMG/ Januária MG,,Nativa,Brenda,,,,,,
Fabaceae F1,513,F1.7,Ingá edulis,Ingá,Anthophyta,Magnoliopsida,Fabales,Fabaceae,,Ingá edulis,Bar Alcione. Feira da Mata/ BA,,Nativa,Camila Lopo,,,,,,
Fabaceae F1,514,F1.8,Hymeneas courbaril,Jatobá,Anthophyta,Magnoliopsida,Fabales,Fabaceae,,Hymeneas courbaril,Juvenília/ MG,,Nativa,Camila Lopo,,,,,,
Fabaceae F1,515,F1.9,Bauhinia langifolia,Pata de Vaca,Anthophyta,Magnoliopsida,Fabales,Fabaceae,,Bauhinia langifolia,Fazenda Larga/ MG,,Nativa,Alex Anderson,,,,,,
Fabaceae F1,516,F1.10,Caesalpinia pulcherrima,Flamboyat Mirim,Anthophyta,Magnoliopsida,Fabales,Fabaceae,,Caesalpinia pulcherrima,IFNMG/ Januária MG,,Cultivada,Ana Flávia Viana,,,,,,
Fabaceae F1,517,F1.11,Dahlstedita pinnata,Guarana embó,Anthophyta,Magnoliopsida,Fabales,Fabaceae,,Dahlstedita pinnata,"Cabeçeira Rio Pandeiros, Januária/ MG",,Nativa,Maria Cecilia,,,,,,
Fabaceae F1,518,F1.12,Cajanus cajan,Feijão Guandú,Anthophyta,Magnoliopsida,Fabales,Fabaceae,,Cajanus cajan,Pedras de Mª da Cruz/ MG,,Naturalizada,Natannia Oliveira,,,,,,
Fabaceae F1,519,F1.13,Crotalaria incana L.,Xique/ Xique,Anthophyta,Magnoliopsida,Fabales,Fabaceae,,Crotalaria incana L.,"Fazenda Lagoa Nova, Patins/ MG",,Nativa,Gabryella Rocha Gusmão,,,,,,
Fabaceae F1,520,F1.14,Caesalpinia pulcherrima,Flamboyanzinho,Anthophyta,Magnoliopsida,Fabales,Fabaceae,,Caesalpinia pulcherrima,IFNMG/ Januária MG,,Cultivada,Milene Santos,,,,,,
Fabaceae F1,521,F1.15,Caesalpinia pulcherrima,Flamboyanzinho,Anthophyta,Magnoliopsida,Fabales,Fabaceae,,Caesalpinia pulcherrima,IFNMG/ Januária MG,,Cultivada,José Gabriel Fernandes,,,,,,
Fabaceae F1,522,F1.16,Caesalpinia pulcherrima,Flamboyant/ Mirim,Anthophyta,Magnoliopsida,Fabales,Fabaceae,,Caesalpinia pulcherrima,IFNMG/ Januária MG,,Cultivada,Jéssica,,,,,,
Fabaceae F1,523,F1.17,Caesalpinia pulcherrima,Flamboiant/ Mirim,Anthophyta,Magnoliopsida,Fabales,Fabaceae,,Caesalpinia pulcherrima,IFNMG/ Januária MG,,Cultivada,Moser,,,,,,
Fabaceae F1,524,F1.18,Caesalpinia pulcherrima,Flamboyat Mirim,Anthophyta,Magnoliopsida,Fabales,Fabaceae,,Caesalpinia pulcherrima,IFNMG/ Januária MG,,Cultivada,Mariane Gonçalves,,,,,,
Fabaceae F1,525,F1.19,Copaifera langsdorffi,Copaíba,Anthophyta,Magnoliopsida,Fabales,Fabaceae,,Copaifera langsdorffi,Bonito de Minas/ MG,,Nativa,Arthur Ferreira,,,,,,
Fabaceae F1,526,F1.20,Caesalpinia pulcherrima,Flamboyanzinho,Anthophyta,Magnoliopsida,Fabales,Fabaceae,,Caesalpinia pulcherrima,IFNMG/ Januária MG,,Cultivada,Paula Farias,,,,,,
Fabaceae F1,527,F1.21,Crotalaria retusa L.,Guiso de Cascavel,Anthophyta,Magnoliopsida,Fabales,Fabaceae,,Crotalaria retusa L.,IFNMG/ Januária MG,,Nativa,Gabriel Cardoso,,,,,,
Fabaceae F1,528,F1.22,Senna occidentalis,Fedegoso,Anthophyta,Magnoliopsida,Fabales,Fabaceae,,Senna occidentalis,IFNMG/ Januária MG,,Nativa,Desconhecido,,,,,,
Fabaceae F1,529,F1.23,Senna macranthera,Aleluia / Pau Fava,Anthophyta,Magnoliopsida,Fabales,Fabaceae,,Senna macranthera,Pandeiros/ Januária MG,,Nativa,Alcides,,,,,,
Fabaceae F1,530,F1.24,Phaseolus vulgaris,Feijão,Anthophyta,Magnoliopsida,Fabales,Fabaceae,,Phaseolus vulgaris,Januária/ MG,,Nativa,Desconhecido,,,,,,
Fabaceae F1,531,F1.25,Leucaena leucocephala,Leucena,Anthophyta,Magnoliopsida,Fabales,Fabaceae,,Leucaena leucocephala,Januária/ MG,,Naturalizada,Milene,,,,,,
Fabaceae F1,532,F1.26,Caesalpinia pulcherrima,Flamboyanzinho,Anthophyta,Magnoliopsida,Fabales,Fabaceae,,Caesalpinia pulcherrima,IFNMG/ Januária MG,,Cultivada,Daniel,,,,,,
Fabaceae F1,533,F1.27,Phaseolus vulgaris,Feijão,Anthophyta,Magnoliopsida,Fabales,Fabaceae,,Phaseolus vulgaris,São João da ponte/ MG,,Nativa,Eduardo Barbosa,,,,,,
Fabaceae F1,534,F1.28,Caesalpinia pulcherrima,Flamboyanzinho,Anthophyta,Magnoliopsida,Fabales,Fabaceae,,Caesalpinia pulcherrima,IFNMG/ Campus Januária/ MG,,Cultivada,Raiane da Silva Rocha,,,,,,
Fabaceae F1,535,F1.29,Copaifera langsdorffi,Copaíba,Anthophyta,Magnoliopsida,Fabales,Fabaceae,,Copaifera langsdorffi,Vazantão/ Bonito de Minas/ MG,,Nativa,Dayane Alves Rodrigues,,,,,,
Fabaceae F1,536,F1.30,Calliandra dysantha benth,Flor do cerrado,Anthophyta,Magnoliopsida,Fabales,Fabaceae,,Calliandra dysantha benth,Cabeceira de rancharia/ Bonito de Minas MG,,Nativa,Desconhecido,,,,,,
Fabaceae F1,537,F1.31,Clitoria fairchildiana,,Anthophyta,Magnoliopsida,Fabales,Fabaceae,,Clitoria fairchildiana,IFNMG/ Campus Januária MG,,Nativa,Vanessa Carvalho,,,,,,
Fabaceae F1,538,F1.32,Senna obtusifolia,Mata Pasto,Anthophyta,Magnoliopsida,Fabales,Fabaceae,,Senna obtusifolia,Riacho da Cruz/ januaria MG,,Nativa,Maria Claudoa Ferreira Cabral,,,,,,
Fabaceae F1,539,F1.33,Clitoria fairchildiana,Faveira / Sobreiro,Anthophyta,Magnoliopsida,Fabales,Fabaceae,,Clitoria fairchildiana,IFNMG/ Campus Januária MG,,Nativa,Luane Alencar,,,,,,
Fabaceae F1,540,F1.34,Cajanus cajan,Feijão Guandu,Anthophyta,Magnoliopsida,Fabales,Fabaceae,,Cajanus cajan,IFNMG/ Campus Januária MG,,Naturalizada,Ícaro Rodrigues Nogueira,,,,,,
Fabaceae F1,541,F1.35,Rhynchosia minima,Favinha - Brava,Anthophyta,Magnoliopsida,Fabales,Fabaceae,,minima,Januária MG - Centro,,Nativa,Heriny Francisca Moreira Xavier da Silva,,,,,,
Fabaceae F1,542,F1.36,Libidibia Ferrea,Jucá,Anthophyta,Magnoliopsida,Fabales,Fabaceae,,Ferrea,15º 26' 53.15'' S 44º 22' 7.02'' O IFNMG Campus Januára,,Nativa,Tiago de Souza Rodrigues,,,,,,
Fabaceae F1,543,F1. 37,Copaifera trapezifolia Hayne,Copaíba,Anthophyta,Magnoliopsida,Fabales,Fabaceae,,trapezifolia hayne,15º 30'' 43'' S 44º 45' 12'' W,,Nativa,Samuel Rodrigues dos Santos,,,,,,
Fabaceae F1,544,F1.38,Hymenaea courbaril,Jatobá,Anthophyta,Magnoliopsida,Fabales,Fabaceae,,Hymenaea courbaril,15°24'32''S 44°27'14''W 624m,,Nativa,Samuel Rodrigues dos Santos,,,,,,
Fabaceae F1,545,F1.39,Phaseolus vulgaris,Feijão-de-arranca,Anthophyta,Magnoliopsida,Fabales,Fabaceae,,vulgaris,"14°39'11.064''S 44°11,976''W",,Nativa,Elaine Cristina Santos Almeida,,,,,,
Fabaceae F1,546,F1.40,Amburana cearensis,Umburana,Anthophyta,Magnoliopsida,Fabales,Fabaceae,,cearensis,"14º39'14.196""S 44º0'11.34""W",,Nativa,Elaine Cristina Santos Almeida,,,,,,
Fabaceae F1,547,F1.41,Senna occidentalis,Manjerioba,Anthophyta,Magnoliopsida,Fabales,Fabaceae,,occidentalis,"-15,3975374S -44,2377571W",,nativa,Kaio Rodrigues da Silva,,,,,,
Fabaceae F1,548,F1.42,Hymenaea courbaril,Jatobá,Anthophyta,Magnoliopsida,Fabales,Fabaceae,,courbaril,"14º39'11.442''S 44°0'9,318''W",,nativa,Elaine Cristina Santos Almeida,,,,,,
Fabaceae F1,549,F1. 43,Dipteryx alata,Baru,Anthophyta,Magnoliopsida,Fabales,Fabaceae,,Dipteryx alata,"15º 24' 15,5'' S 47º 17' 42'' W",,Nativa,Ana Maria da Silva Andrade,,,,,,
Fabaceae F1,550,F1.44,Hymenaea courbaril,Jatobá,Anthophyta,Magnoliopsida,Fabales,Fabaceae,,courbaril,Bom Jardim,,nativa,Nivia Alves da Silva,,,,,,
Fabaceae F1,551,F1.45,Enterolobium contortisiliquum,Tamboril,Anthophyta,Magnoliopsida,Fabales,Fabaceae,,contortisiliquum,Pedras de Maria da Cruz,,Nativa,Samuel Amorim,,,,,,
Fabaceae F1,552,F1.46,Bauhinia forficata,Pata-de-vaca,Anthophyta,Magnoliopsida,Fabales,Fabaceae,,forficata,Riacho da Cruz,,Nativa,Nivia Alves da Silva,,,,,,
Fabaceae F1,553,F1.47,Libidibia ferrea,Pau-ferro,Anthophyta,Magnoliopsida,Fabales,Fabaceae,,ferrea,IFNMG Januária,,Nativa,Théo Ângelo Ribeiro,,,,,,
Fabaceae F1,554,F1.48,Calliandra dysantha,Caliandra e flor do cerrado,Anthophyta,Magnoliopsida,Fabales,Fabaceae,,dysantha,Bonito de Minas/ MG,,Nativa,Altheone Barbosa,,,,,,
Fabaceae F1,555,F1.49,Bauhinia forficata,Pata-de-vaca,Anthophyta,Magnoliopsida,Fabales,Fabaceae,,forficata,Bonito de Minas/ MG,,Nativa,Altheone Barbosa,,,,,,
Fabaceae F1,556,F1.50,Hymenaea courbaril,Jatobá,Anthophyta,Magnoliopsida,Fabales,Fabaceae,,courbaril,Bonito de Minas,,Nativa,Théo Ângelo Ribeiro,,,,,,
Fabaceae F1,557,F1.51,Anandenanthera colobrina,Angico-branco,Anthophyta,Magnoliopsida,Fabales,Fabaceae,,colobrina,"15º20'14,052""S 44º14'48,804""W",,Nativa,Ana Maria da Silva Andrade,,,,,,
Fabaceae F1,558,F1. 52,Adenanthera pavonina L.,Carolina,Anthophyta,Magnoliopsida,Fabales,Fabaceae,,Adenanthera pavovnina L.,"-15,086028 -44,089650",,Cultivada,Cássio de Assis Pereira,,,,,,
Fabaceae F1,559,F1.53,Cenostigma macrophyllum Tul.,Catingueira,Anthophyta,Magnoliopsida,Fabales,Fabaceae,,macrophyllum Tul.,-,,Nativa,Alteone Barbosa,,,,,,
Fabaceae F1,560,F1.54,Enterolobium contortisiliquum,Tamboril,Anthophyta,Magnoliopsida,Fabales,Fabaceae,,contortisiliquum,Zona rural - Formosa,,Nativa,Desconhecido,,,,,,
Fabaceae F1,561,F1.55,Chloroleucon dumosum,Arapiraca,Anthophyta,Magnoliopsida,Fabales,Fabaceae,,dumosum,Zona rural - Formosa,,Nativa,Desconhecido,,,,,,
Fabaceae F1,562,F1.56,Amburana cearences,Umburana-de-cheiro,Anthophyta,Magnoliopsida,Fabales,Fabaceae,,cearences,Zona rural: Sítio Novo/Umburana,,Nativa,Karina Figueiredo,,,,,,
Fabaceae F1,563,F1.57,Hymenaea courbaril,Jatobá,Anthophyta,Magnoliopsida,Fabales,Fabaceae,,courbaril,"-15,4263635, -44,4072918",,Nativa,Cyrus Pereira Araújo,,,,,,
Fabaceae F1,564,F1. 58,Anandenanthera colubrina,Angico-branco,Anthophyta,Magnoliopsida,Fabales,Fabaceae,,colubrina,"-15.360915, -44.613634",,Nativa,"Ana Luisa, Cyrus e Gisele",,,,,,
Fabaceae F1,565,F1.59,Bauhinia forficata,Pata-de-vaca,Anthophyta,Magnoliopsida,Fabales,Fabaceae,,forficata,"15º 27'56.7""S 44º21'57.6""W",,Nativa,Gisele Lopes Carneiro,,,,,,
Fabaceae F1,566,F1.60,Hymenaea courbaril,Jatobá,Anthophyta,Magnoliopsida,Fabales,Fabaceae,,courbaril,Bom Jardim - Januária MG,,,Gustavo Brito,,,,,,
Fabaceae F1,567,F1.61,Bauhinia rufa,Pata-de-vaca,Anthophyta,Magnoliopsida,Fabales,Fabaceae,,rufa,"LAT.S: 15°24'98' e LONG.O: 44°19'30""",,Nativa,Tiago Emanoel de Castro,,,,,,
Fabaceae F1,568,F1.62,Hymenaea courbaril,Jatoba,,,,,,,Estrada dos olhos d'água,,,Levi,,,,,,
Fabaceae F1,569,F1.63,Libidibia ferrea,,,,,,,,IFNMG - Campus Januária,,,Laressa Gomes,,,,,,
Fabaceae F1,570,F1.64,Clitoria fairchildiana,,,,,,,,IFNMG -Campus Januária (-15.44551`O -44.366790),,,Larissa e Warley,,,,,,
Fabaceae F1,571,F1. 65,Senna pendula,,,,,,,,Fazenda Sitio brejo do Amparo -15 360 212 -44 306 716,,,Levi,,,,,,
Gesneriaceae G1,572,G1.1,Episcia Cupreata,Planta tapete,Anthophyta,Magnoliopsida,Lamiales,Gesneriaceae,,Episcia Cupreata,"R. Maria Clementina de Oliveira, Januária-MG",,Nativa,Leticia P. Mesquita,,,,,,
Gesneriaceae G1,573,G1.2,Episcia Cupreata,Planta tapete,Anthophyta,Magnoliopsida,Lamiales,Gesneriaceae,,Episcia Cupreata,Januária - MG,,Nativa,Luane Alencar,,,,,,
Gesneriaceae G1,574,G1.3,Episcia Cupreata,Planta tapete,Anthophyta,Magnoliopsida,Lamiales,Gesneriaceae,,Episcia Cupreata,Moradeiras - Januária -MG,,Nativa,Lucas Figueiredo,,,,,,
Geraniaceae G2,575,G2.1,Pelargonium inquinans var.flore alloa,Sardinheira,Anthophyta,Magnoliopsida,Geraniales,Geraniaceae,,Pelargonium inquinans var.flore alloa,"Comunidade Araçá, Januária - MG",,Exótica,Luyara Lorrany A. Lima,,,,,,
Geraniaceae G2,576,G2.2,Pelargonium zonale,Malha de cheiro,Anthophyta,Magnoliopsida,Geraniales,Geraniaceae,,Pelargonium zonale,R. Emilio Magalhães - Cônego Marinho MG,,Cultivada,"Adriele, Caroline, Hellen, Lairton, Laires, William,",,,,,,
Geraniaceae G2,577,G2.3,Semperflorens cultorum,Begônia de cera,Anthophyta,Magnoliopsida,Geraniales,Geraniaceae,,Semperflorens cultorum,Pedras de Maria da cruz - MG,,Cultivada,Thayná Cristini Amaral,,,,,,
Heliconiaceae H1,578,H1.1,Heliconia Psittacorum,Caeté,Anthophyta,Liliopsida,Zingiberales,Heliconiaceae,,Heliconia Psittacorum,Januária - MG,,Nativa,Lauane Caroline,,,,,,
Iridaceae I1,579,I1.1,Dietes bicolor,Moreia Branca,Anthophyta,Liliopsida,Asparagales,Iridaceae,,Dietes bicolor,"Praça Getúlio Vargas, Januária\MG",,Cultivada,Paula Farias,,,,,,
Iridaceae I1,580,I1.2,Dietes bicolor,Moréia,Anthophyta,Liliopsida,Asparagales,Iridaceae,,Dietes bicolor,Januária MG,,Cultivada,Camila Lopo,,,,,,
Iridaceae I1,581,I1.3,Dietes bicolor,Moreia Branca,Anthophyta,Liliopsida,Asparagales,Iridaceae,,Dietes bicolor,"Copasinha , Januária\ MG",,Cultivada,José Gabriel Fernades,,,,,,
Iridaceae I1,582,I1.4,Dietes bicolor,Moréia,Anthophyta,Liliopsida,Asparagales,Iridaceae,,Dietes bicolor,Januária - MG,,Cultivada,,,,,,,
Lamiaceae L1,583,L1.1,Tetradenia riparia,Pluma-de-nevoa,Anthophyta,Magnoliopsida,Lamiales,Lamiacea,,Tetradenia riparia,,,,Mirelle Alexia,,,,,,
Lamiaceae L1,584,L1.2,Clerodendrum trichotomum,Lagrimas de Cristo - Lilas,Anthophyta,Magnoliopsida,Lamiales,Lamiacea,,Clerodendrum trichotomum,IFNMG - Januaria MG,,,Mirelle Alexia,,,,,,
Lamiaceae L1,585,L1.3,Melissa officinalis,Erva - cidreira,Anthophyta,Magnoliopsida,Lamiales,Lamiacea,,Melissa officinalis,"-1547743, - 4437158 - Rua vinte e quatro - Januária MG",,,"Adriele, Caroline, laires, Lairton, Hellen Neila, Willian",,,,,,
Lamiaceae L1,586,L1.4,Melissa officinalis,Erva cidreira,Anthophyta,Magnoliopsida,Lamiales,Lamiacea,,Melissa officinalis,Desconhecido,,,Janaina e Lucas Monteiro,,,,,,
Lamiaceae L1,587,L1.5,Plectranthus barbatus,Boldo da terra,Anthophyta,Magnoliopsida,Lamiales,Lamiacea,,Plectranthus barbatus,Desconhecido,,,Stefany Ingrid Ferreira Barbosa,,,,,,
Lamiaceae L1,588,L1.6,Ocimum basilicum,Manjericão,Anthophyta,Magnoliopsida,Lamiales,Lamiacea,,Ocimum basilicum,IFNMG - Januária MG,,,Jessica Mendes da Silva,,,,,,
Lamiaceae L1,589,L1.7,Ocimum basilicum,Manjericão,Anthophyta,Magnoliopsida,Lamiales,Lamiacea,,Ocimum basilicum,Pedras de Maria da Cruz - MG,,,Elen Perreira,,,,,,
Lamiaceae L1,590,L1.8,Clerodendrum thomsoniaceae,Lagrima de Cristo,Anthophyta,Magnoliopsida,Lamiales,Lamiacea,,Clerodendrum thomsoniaceae,IFNMG - Januária MG,,,Camila Lopo,,,,,,
Lamiaceae L1,591,L1.9,Tetraolenia riparia,Falsa Mirra,Anthophyta,Magnoliopsida,Lamiales,Lamiacea,,Tetraolenia riparia,Desconhecido,,,Paula Farias,,,,,,
Lamiaceae L1,592,L1.10,Melissa officinalis,Erva cidreira,Anthophyta,Magnoliopsida,Lamiales,Lamiacea,,Melissa officinalis,Cabeceira de pandeiros - Januária MG,,,Maria Cecília,,,,,,
Lamiaceae L1,593,L1.11,Clerodendrum thomsoniae,Lagrimas de cristo,Anthophyta,Magnoliopsida,Lamiales,Lamiacea,,Clerodendrum thomsoniae,Fazenda dos Anjos MG,,,Gabriela Rocha Gusmão,,,,,,
Lamiaceae L1,594,L1.12,Clerodendrum splendens,Lagrimas de Cristos - Vermelho,Anthophyta,Magnoliopsida,Lamiales,Lamiacea,,Clerodendrum splendens,"Rua Dois, clube Jussara - Januária MG",,,Marlon Cesar Lopes Rodrigues,,,,,,
Lamiaceae L1,595,L1.13,Clerodendrum splendens,Lagrimas de Cristos - Vermelho,Anthophyta,Magnoliopsida,Lamiales,Lamiacea,,Clerodendrum splendens,Rua professor Manuel Ambrósio - Januária MG,,,Andreza Coutinho,,,,,,
Lamiaceae L1,596,L1.14,Melissa officinalis,Erva cidreira,Anthophyta,Magnoliopsida,Lamiales,Lamiacea,,Melissa officinalis,Jaiba/MG,,,Ana Julia de Souza,,,,,,
Lamiaceae L1,597,L1.15,Cletodendrum thomsoniae,Lágrima de Cristo,Anthophyta,Magnoliopsida,Lamiales,Lamiacea,,Cletodendrum thomsoniae,"Fazenda dos Anjos MG , Patis - MG",,,Ketley,,,,,,
Lamiaceae L1,598,L1.16,Salvia rosmurinus,Alecrim,Anthophyta,Magnoliopsida,Lamiales,Lamiacea,,Salvia rosmurinus,Januária - MG,,,Beatriz Ribeiro,,,,,,
Lamiaceae L1,599,L1.17,Marsypianthes chamaedrys,Hortelã do campo,Anthophyta,Magnoliopsida,Lamiales,Lamiacea,,Marsypianthes chamaedrys,Januária - MG,,,Launae Caroline,,,,,,
Lamiaceae L1,600,L1.18,Melissa officinalis,Erva cidreira,Anthophyta,Magnoliopsida,Lamiales,Lamiacea,,Melissa officinalis,Riacho da Cruz - Januária MG,,,Carlos Gabriel Lopes Gabriel,,,,,,
Lamiaceae L1,601,L1.19,Phlomis herba-venti,Desconhecido,Anthophyta,Magnoliopsida,Lamiales,Lamiacea,,Phlomis herba-venti,IFNMG - Januária MG,,,Ícaro Rodrigues,,,,,,
Lamiaceae L1,602,L1.20,Medusantha martiusii,Erva doce do Cerrado,Anthophyta,Magnoliopsida,Lamiales,Lamiaceae,,martiusii,"15º14'46""S 45º13'22""W",,Nativa,Ana Maria da Silva Andrade,,,,,,
Lamiaceae L1,603,L1.21,Melissa officinalis,Erva cidreira,Anthophyta,Magnoliopsida,Lamiales,Lamiaceae,,officinalis,"14º39'16,026""S 44º0'9,564'W",,Introduzida no Brsail,Elaine Cristina Santos Almeida,,,,,,
Lythraceae L2,604,L2.1,Lagestroma speciosa,"Resedá, escumilha, extremosa",Anthophyta,Magnoliopsida,Myrtales,Lythraceae,,Lagestroma speciosa,"Praça Getúlio Vargas, Januária - MG",,Exótica,Marcos Ramos,,,,,,
Lythraceae L2,605,L2.2,Punica Granatum L.,Romã,Anthophyta,Magnoliopsida,Myrtales,Lythraceae,,Punica Granatum L.,"-15 48185 - 44 35202, Januária MG - R. Emílio Magalhães, n1254",,Exótica,Caroline,,,,,,
Lythraceae L2,606,L2.3,Punica Granatum L.,Romã,Anthophyta,Magnoliopsida,Myrtales,Lythraceae,,Punica Granatum L.,"Fazenda Lagoa Nova - Patis, Januária MG",,Exótica,Gabryella Rocha Gusmão,,,,,,
Lythraceae L2,607,L2.4,Punica Granatum L.,Romã,Anthophyta,Magnoliopsida,Myrtales,Lythraceae,,Punica Granatum L.,Januária - MG,,Exótica,Janaina F.R.N. Alves,,,,,,
Lythraceae L2,608,L2.5,Lagestroma indica,"Resedá, escumilha, extremosa",Anthophyta,Magnoliopsida,Myrtales,Lythraceae,,Lagestroma indica,Januária - MG,,Exótica,Vitor Gonçalvez,,,,,,
Lythraceae L2,609,L2.6,Lagestroma speciosa,Resedá,Anthophyta,Magnoliopsida,Myrtales,Lythraceae,,Lagestroma speciosa,"Praça Tiradentes, Januária - MG",,Exótica,Dayane N. Pereira,,,,,,
Lythraceae L2,610,L2.7,Punica Granatum L.,Romã,Anthophyta,Magnoliopsida,Myrtales,Lythraceae,,Punica Granatum L.,Lapão \ Januária - MG,,Exotica,Pedro Antonio Passos,,,,,,
Lythraceae L2,611,L2.8,Punica Granatum L.,Romã,Anthophyta,Magnoliopsida,Myrtales,Lythraceae,,Punica Granatum L.,Vazantão - Bonito de Minas,,,Daiane Alves Rodrigues,,,,,,
Lythraceae L2,612,L2.9,Lagestroma speciosa,Resedá-Extremosa,Anthophyta,Magnoliopsida,Myrtales,Lythraceae,,speciosa,15°26'43.03''S 44°21'59.71''W 482m,,exotica,Wellerson nunes,,,,,,
Lythraceae L2,613,L2.10,Lagerstroemia flos-reginae Retz.,Resedá,Anthophyta,Magnoliopsida,Myrtales,Lythraceae,,filos-reginae Retz.,"LAT.S: 15°26'46"" e LONG.O: 44°22'19""",,Exótica,Tiago Emanoel de Castro,,,,,,
Loranthaceae L3,614,L3.1,Tripodanthus acutifolius,Erva-de-passarinho,Anthophyta,Magnoliopsida,Santalales,Loranthaceae,,Tripodanthus acutifolius,IFNMG-Campus Januária,,Nativa,Higor Amauri,,,,,,
Lauraceae L4,615,L4.1,Cinnamomum Verum J. Presl,Canela,Anthophyta,Magnoliopsida,Laurales,Lauraceae,,Cinnamomum Verum J. Presl,"R: Emilio Magalhães, 1254. Bonito de Minas\MG",,,Caroline,,,,,,
Lauraceae L4,616,L4.2,Persea americana Mill.,Abacate,Anthophyta,Magnoliopsida,Laurales,Lauraceae,,Persea americana Mill.,Pandeiros - Januária/MG,,Naturalizada,Geiciele da Silva Borges,,,,,,
Lauraceae L4,617,L4.3,Persea americana,Abacate,Anthophyta,Magnoliopsida,Laurales,Lauraceae,,Persea americana,IFNMG - campus Januária - MG,,Naturalizada,Pedro Antônio Passos,,,,,,
Lauraceae L4,618,L4.4,Persea americana,Abacate,Anthophyta,Magnoliopsida,Laurales,Lauraceae,,Persea americana,IFNMG - Campus Januária MG,,Naturalizada,Widy,,,,,,
Lauraceae L4,619,L4.5,Nectandra Lanceolata,Canela Branca,Anthophyta,Magnoliopsida,Laurales,Lauraceae,,Lanceolata,15º 26' 35.73''S 44º 23' 56.8'' O Brejo do Amparo- MG,,Nativa,Samara Arcanjo e Silva,,,,,,
Lauraceae L4,620,L4.6,Persea americana,Abacate,Anthophyta,Magnoliopsida,Laurales,Lauraceae,,americana,"Fazenda Gavião, Varzelândia - MG",,Naturalizada,Tiago de Souza Rodrigues,,,,,,
Lauraceae L4,621,L4.7,Aniba riparia,Louro Rosa,Anthophyta,Magnoliopsida,Laurales,Lauraceae,,riparia,Bonito de Minas,,Nativa,Thêo Ângelo Ribeiro,,,,,,
Lauraceae L4,622,L4.8,Persea americana,Abacateiro,,Magnoliopsida,Laurales,Lauraceae,,americana,IFNMG-Januária,,Naturalizada,Desconhecido,,,,,,
Lauraceae L4,623,L4. 9,Endlicheria metallica,Canela Branca,,,,,,,-15 26 47'S -44 24 16 'W 535m,,,Túlio Benzeno Neves,,,,,,
Melastomataceae M1,624,M1.1,Tibouchina granulosa (Desr.) Cogn,Quaresmeira,Anthophyta,Magnoliopsida,Myrtales,Melastomataceae,,Tibouchina granulosa (Desr.) Cogn,IFNMG - Campus Januária/MG,,Nativa,Renato Dias Pereira,,,,,,
Melastomataceae M1,625,M1.2,Tibouchina granulosa (Desr.) Cogn,Quaresmeira,Anthophyta,Magnoliopsida,Myrtales,Melastomataceae,,Tibouchina granulosa (Desr.) Cogn,IFNMG - Campus Januária/MG,,Nativa,Higor Amauri,,,,,,
Melastomataceae M1,626,M1.3,Pleroma granulosum,Quaresmeira,Anthophyta,Magnoliopsida,Myrtales,Melastomataceae,,Pleroma granulosum,IFNMG - Campus Januária/MG,,Nativa,Samara,,,,,,
Melastomataceae M1,627,M1.4,Pleroma granulosum,Quaresmeira,Anthophyta,Magnoliopsida,Myrtales,Melastomataceae,,Pleroma granulosum,IFNMG - Campus Januária/MG,,Nativa,Erick Soares,,,,,,
Melastomataceae M1,628,M1.5,Clidemia hirta,Folha fogo,Anthophyta,Magnoliopsida,Myrtales,Melastomataceae,,Clidemia hirta,Fazenda Larga - Januária/MG,,Nativa,Wanderson,,,,,,
Melastomataceae M1,629,M1.6,Tibouchina granulosa (Desr.) Cogn,Flor de Quaresma,Anthophyta,Magnoliopsida,Myrtales,Melastomataceae,,Tibouchina granulosa (Desr.) Cogn,IFNMG - Campus Januária/MG,,Nativa,Ana Flávia Viana,,,,,,
Melastomataceae M1,630,M1.7,Macairea radula,Capuchinha,Anthophyta,Magnoliopsida,Myrtales,Melastomataceae,,radula,15°20'59''S 44°40'11''W,,Nativa,Samuel Rodrigues dos Santos,,,,,,
Melastomataceae M1,631,M1. 8,Miconia calvescens,Miconia,Anthophyta,Magnoliopsida,Myrtales,Melastomataceae,,Miconia calvescens,Bonito de Minas,,Nativa,Alteone Barbosa,,,,,,
Melastomataceae M1,632,M1. 9,Miconia albicans,Quaresmeira,Anthophyta,Magnoliopsida,Myrtales,Melastomataceae,,Miconia albicans,Ribeirão do Lavrado Januária,,Nativa,Alteone Barbosa,,,,,,
Melastomataceae M1,633,M1.10,Tibouchina urvilleana,Flor princesa,Anthophyta,Magnoliopsida,Myrtales,Melastomataceae,,urvilleana,Ribeirão do Lavrado Januária,,Nativa,Alteone Barbosa,,,,,,
Melastomataceae M1,634,M1.11,Clidemia hirta,Folha de fogo,Anthophyta,Magnoliopsida,Myrtales,Melastomataceae,,hirta,"15°27'12""S 45°16'50""W 297°NW",,Nativa,Ana Maria da Silva Andrade,,,,,,
Malpighiaceae M2,635,M2.1,Malpighia glabra L.,Acerola,Anthophyta,Magnoliopsida,Malpighiales,Malpighiaceae,,Malpighia glabra L.,Januária - MG.,,Cultivada,Ana Clara Ribeiro,,,,,,
Malpighiaceae M2,636,M2.2,Galphiamia gracilis,Chuveiro-de-ouro,Anthophyta,Magnoliopsida,Malpighiales,Malpighiaceae,,Galphiamia gracilis,Lontra - MG,,Cultivada,Jessíca M. da Silva,,,,,,
Malpighiaceae M2,637,M2.3,Galphiamia gracilis,Chuveiro-de-ouro,Anthophyta,Magnoliopsida,Malpighiales,Malpighiaceae,,Galphiamia gracilis,IFNMG - Campus Januária MG,,Cultivada,José Mourão,,,,,,
Malpighiaceae M2,638,M2.4,Malpighia glabra L.,Acerola,Anthophyta,Magnoliopsida,Malpighiales,Malpighiaceae,,Malpighia glabra L.,Itacarambi - MG,,Cultivada,Lucas Monteiro Aguiar,,,,,,
Malpighiaceae M2,639,M2.5,Byrsonima crassifolia,Murici-da-praia,Anthophyta,Magnoliopsida,Malpighiales,Malpighiaceae,,Byrsonima crassifolia,Fazenda Larga - MG,,Nativa,Alcides,,,,,,
Malpighiaceae M2,640,M2.6,Diplopterys publipetala,-,Anthophyta,Magnoliopsida,Malpighiales,Malpighiaceae,,Diplopterys publipetala,Januária - MG,,Nativa,Alex,,,,,,
Malpighiaceae M2,641,M2.7,Malpigha emarginada,Acerola,Anthophyta,Magnoliopsida,Malpighiales,Malpighiaceae,,Malpigha emarginada,São João da Ponte - MG,,Cultivada,Keity Milena,,,,,,
Malpighiaceae M2,642,M2.8,Galphimia gracilis Barti,Chuveiro-de-ouro,Anthophyta,Magnoliopsida,Malpighiales,Malpighiaceae,,Galphimia gracilis Barti,"Av. Cônego Ramiro Leite, Januária - MG",,Nativa,Lara Fabian Souza Lacerda,,,,,,
Malpighiaceae M2,643,M2.9,Byrsonima crassifolia,Muria Vermelha,Anthophyta,Magnoliopsida,Malpighiales,Malpighiaceae,,Byrsonima crassifolia,"KM 18, Januária - MG",,Nativa,Vitória Alves Sales,,,,,,
Malpighiaceae M2,644,M2.10,Malpighia glabra L.,Acerola,Anthophyta,Magnoliopsida,Malpighiales,Malpighiaceae,,Malpighia glabra L.,Januária - MG,,Cultivada,Sara Alves,,,,,,
Malpighiaceae M2,645,M2.11,Malpighia emarginada,Acerola,Anthophyta,Magnoliopsida,Malpighiales,Malpighiaceae,,Malpighia emarginada,IFNMG - Campus Januária MG,,Cultivada,Cecilia,,,,,,
Malpighiaceae M2,646,M2.12,Malpighia emarginada,acerola,Anthophyta,Magnoliopsida,Malpighiales,Malpighiaceae,,Malpighia emarginada,IFNMG - Campus Januária - MG,,Cultivada,Adam,,,,,,
Malpighiaceae M2,647,M2.13,Heteropterys tomentosa,Nó de cachorro,Anthophyta,Magnoliopsida,Malpighiales,Malpighiaceae,,Heteropterys tomentosa,Brejo - Januária MG,,Nativa,Rayane da Silva Rocha,,,,,,
Malpighiaceae M2,648,M2.14,Malpighia emarginada,Acerola,Anthophyta,Magnoliopsida,Malpighiales,Malpighiaceae,,Malpighia emarginada,Riacho da Cruz - Januária MG,,Cultivada,Carlos Gabriel Lopes Santos,,,,,,
Malpighiaceae M2,649,M2.15,Malpighia emarginada,Acerola,Anthophyta,Magnoliopsida,Malpighiales,Malpighiaceae,,Malpighia emarginada,IFNMG - Campus Januária MG,,Cultivada,Tauana,,,,,,
Malpighiaceae M2,650,M2.16,Malpighia emarginada,Acerola,Anthophyta,Magnoliopsida,Malpighiales,Malpighiaceae,,Malpighia emarginada,IFNMG - Campus Januária MG,,Cultivada,Ana Clara Alves Matos,,,,,,
Malpighiaceae M2,651,M2.17,Galphimia gracilis,Dourado do Chuveiro,Antophyta,Magnoliopsida,Malpighiales,Malpighiaceae,,Galphimia gracilis,Vazantão - Bonito de Minas MG,,Cultivada,Daiane Alves Rodrigues,,,,,,
Malpighiaceae M2,652,M2.18,Malpighia emarginada,Acerola,Antophyta,Magnoliopsida,Malpighiales,Malpighiaceae,,,"Setor da Fruticultura, IFNMG - Campus Januária",,Cultivada,Tiago de Souza Rodrigues,,,,,,
Malpighiaceae M2,653,M2.19,Banisteriopsis gardneriana,Cipó de amarrar vaqueiro,Tracheophyta,Magnoliopsida,Malpighiales,Malpighiaceae,,gardneriana,"15º26'12""S 45º18'0""W 142ºSE",,Nativa,Ana Maria da Silva Andrade,,,,,,
Malpighiaceae M2,654,M2.20,Byrsonima crassifolia,Murici-do-Cerrado,Tracheophyta,Magnoliopsida,Malpighiales,Malpighiaceae,,Byrsonimia crassifolia,S 15º 35' 34'' W 45º 19' 15'',,Nativa,Ana Maria da Silva Andrade,,,,,,
Malpighiaceae M2,655,M2. 21,Stigmaphyllon urenifolium,Cipó de ouro,Tracheophyta,Magnoliopsida,Malpighiales,Malpighiaceae,,Stigmaphyllon urenifolium,Januária,,Nativa,Desconhecido,,,,,,
Malpighiaceae M2,656,M2.22,Galphimia gracilis Barti,,,,,,,,-15º28`08.0`S -44º22`10.1`W,,,Laressa Gomes,,,,,,
Malpighiaceae M2,657,M2.23,Stigmaphyllon urenifolium,Cipó - Três - Marias,,,,,,,Riacho da Cruz - Januária MG,,,Nivia Alves da Silva,,,,,,
Malvaceae M3,658,M3.1,Waltheria indica L.,Malva-veludo,Anthophyta,Magnoliopsida,Malvales,Malvaceae,,Waltheria indica L.,IFNMG - Januária MG,,Nativa,Jéssica,,,,,,
Malvaceae M3,659,M3.2,Hibiscus rosa - Sinensis,Mimo de Vênus,Anthophyta,Magnoliopsida,Malvales,Malvaceae,,Hibiscus rosa - Sinensis,Bonito de Minas - MG,,Cultivada,Thayná Cristini Amaral,,,,,,
Malvaceae M3,660,M3.3,Gessypium hirsutum L.,Algodão,Anthophyta,Magnoliopsida,Malvales,Malvaceae,,Gessypium hirsutum L.,Perímetro próximo ao IFNMG - Januária MG,,Nativa,José Mourão,,,,,,
Malvaceae M3,661,M3.4,Hibiscus diversifolius L.,Hibisco-do-banhado,Anthophyta,Magnoliopsida,Malvales,Malvaceae,,Hibiscus diversifolius L.,IFNMG - Januária MG,,Nativa,Ana Flávia Viana,,,,,,
Malvaceae M3,662,M3.5,Panchira aquática,Munguba,Anthophyta,Magnoliopsida,Malvales,Malvaceae,,Panchira aquática,IFNMG - Januária MG,,Nativa,Nanhade,,,,,,
Malvaceae M3,663,M3.6,Herrissantia erispa,Flor de cinco pétalas,Anthophyta,Magnoliopsida,Malvales,Malvaceae,,Herrissantia erispa,Januária - MG,,Nativa,Alex Anderson,,,,,,
Malvaceae M3,664,M3.7,Waltheria indica,Malva branca,Anthophyta,Magnoliopsida,Malvales,Malvaceae,,Waltheria indica,IFNMG - Januária MG,,Nativa,Wanderson,,,,,,
Malvaceae M3,665,M3.8,Gossypium hirsutum L.,Algodão,Anthophyta,Magnoliopsida,Malvales,Malvaceae,,Gossypium hirsutum L.,Faz. Lagoa Nova - Patis - MG,,Nativa,Gabriella Rocha Gusmão,,,,,,
Malvaceae M3,666,M3.9,Gossipium hirsutum,Algodão,Anthophyta,Magnoliopsida,Malvales,Malvaceae,,Gossipium hirsutum,Umbuzeiro - MG,,Nativa,Gustavo Henrique,,,,,,
Malvaceae M3,667,M3.10,Harissantia crispa (L.) Brizicky,Herrissantia crispa,Anthophyta,Magnoliopsida,Malvales,Malvaceae,,Harissantia crispa (L.) Brizicky,Januária - MG,,Nativa,Yara Santos,,,,,,
Malvaceae M3,668,M3.11,Pavonia cancellata (L.) cav,-,Anthophyta,Magnoliopsida,Malvales,Malavaceae,,Pavonia cancellata (L.) cav,IFNMG - Januária MG,,Nativa,Juliana,,,,,,
Malvaceae M3,669,M3.12,Abutilon pictum,Lanterna-chinesa,Anthophyta,Magnoliopsida,Malvales,Malvaceae,,Abutilon pictum,Januária - MG,,Nativa,Juliana,,,,,,
Malvaceae M3,670,M3.13,Malvaviscus arboreum,Malviscus,Anthophyta,Magnoliopsida,Malvales,Malvaceae,,Malvaviscus arboreum,IFNMG - Januária MG,,Cultivada,Arthur Ferreira,,,,,,
Malvaceae M3,671,M3.14,Sida cordifolia,Malva Branca,Anthophyta,Magnoliopsida,Malvales,Malvaceae,,Sida cordifolia,Januária - MG,,Nativa,Desconhecido,,,,,,
Malvaceae M3,672,M3.15,Gossypium hirsutum L.,Algodão,Anthophyta,Magnoliopsida,Malvales,Malvaceae,,Gossypium hirsutum L.,Januária - MG,,Nativa,Juliana Durães,,,,,,
Malvaceae M3,673,M3.16,Gossypium hirsutum L.,algodão,Anthophyta,Magnoliopsida,Malvales,Malvaceae,,Gossypium hirsutum L.,Itacarambi - MG,,Nativa,Milene,,,,,,
Malvaceae M3,674,M3.17,Pavonia cancellatta,Malva rasteira,Anthophyta,Magnoliopsida,Malvales,Malvaceae,,Pavonia cancellatta,IFNMG - campus Januária - MG,,Nativa,Anny Karoline Mota,,,,,,
Malvaceae M3,675,M3.18,Hibiscus rosa-sinensis,Hibisco,Anthophyta,Magnoliopsida,Malvales,Malvaceae,,Hibiscus rosa-sinensis,Patis - MG,,Nativa,Ketley,,,,,,
Malvaceae M3,676,M3.19,Pavonia cancellatta,Malva rasteira,Anthophyta,Magnoliopsida,Malvales,Malvaceae,,Pavonia cancellatta,IFNMG - campus Januária,,Nativa,Leonardo Rejeno,,,,,,
Malvaceae M3,677,M3.20,Hibiscus calyphyllus,,Anthophyta,Magnoliopsida,Malvales,Malvaceae,,Hibiscus calyphyllus,IFNMG - Campus Januária MG,,Nativa,Raiane da Silva Rocha,,,,,,
Malvaceae M3,678,M3.21,Melachia pyramidata,Guantuma roxa,Anthophyta,Magnoliopsida,Malvales,Malvaceae,,Melachia pyramidata,Riacho da Cruz MG,,Nativa,Istefany de Souza,,,,,,
Malvaceae M3,679,M3.22,Gassypium birsutum,Algodão,Anthophyta,Magnoliopsida,Malvales,Malvaceae,,Gassypium birsutum,"R João Nonato Silva , Januária MG",,Nativa,Desconhecido,,,,,,
Malvaceae M3,680,M3.23,Pavonia cancellata,Serralha,Anthophyta,Magnoliopsida,Malvales,Malvaceae,,Pavonia cancellata,IFNMG - Campus Januária MG,,Nativa,Milene,,,,,,
Malvaceae M3,681,M3.23,Pavonia cancellatta,Serralha,Anthophyta,Magnoliopsida,Malvales,Malvaceae,,Pavonia cancellatta,"-15 26 58 52 - 44 21 59 56 ""0 - IFNMG Campus Januária",,Nativa,Tiago de Souza Rodrigues,,,,,,
Malvaceae M3,682,M3.24,Guazuma ulmifolia,Mutamba,Anthophyta,Magnoliopsida,Malvales,Malvaceae,,Guazuma ulmifolia,15º 26' 50'' S 44º 22' 15'' W,,Nativa,Tulio Rozeno Neves,,,,,,
Malvaceae M3,683,M3. 25,Sida cordifolia,Malva Branca,Anthophyta,Magnoliopsida,Malvales,Malvaceae,,cordifolia,15º 26' 50.28'' S 44º 22' 09.50'' W 482 m,,Nativa,Tayla Santiago,,,,,,
Malvaceae M3,684,M3.26,Gossypium hirsutum L.,algodão,Anthophyta,Magnoliopsida,Malvales,Malvaceae,,hirsutum L.,15°20'8.832''S 44°14'47.31''W,,Nativa,Ana Maria da Silva Andrade,,,,,,
Malvaceae M3,685,M3.27,Sterculia striata,Chichá,Anthophyta,Magnoliopsida,Malvales,Malvaceae,,striata,"-15,3628374,-44,2663806",,Nativa,Kaio Rodrigues da Silva,,,,,,
Malvaceae M3,686,M3.28,Gossypium hirsutum L.,algodão,Anthophyta,Magnoliopsida,Malvales,Malvaceae,,hirsutum L.,Januária,,Nativa,Nivia Alves da Silva,,,,,,
Malvaceae M3,687,M3. 28,Gossypium hirsutum L.,algodão,Anthophyta,Magnoliopsida,Malvales,Malvaceae,,Gossypium hirsutum L.,IFNMG Januária,,Nativa,Théo Ângelo Ribeiro,,,,,,
Malvaceae M3,688,M3.29,Sida cordifolia,Malva Branca,Anthophyta,Magnoliopsida,Malvales,Malvaceae,,cordifolia,Januária-MG Centro,,Nativa,Hiriny Francisca Moreira,,,,,,
Malvaceae M3,689,M3.30,Gossypium mustelium,Algodão,Anthophyta,Magnoliopsida,Malvales,Malvaceae,,mustelinum,Zona rural: Sítio novo/ Umburana,,Nativa,Desconhecido,,,,,,
Malvaceae M3,690,M3.31,Guazuma ulmifolia,Mutamba,Anthophyta,Magnoliopsida,Malvales,Malvaceae,,ulmifolia,Zona rural - Formosa,,Nativa,Desconhecido,,,,,,
Malvaceae M3,691,M3.32,Sida cordifolia,Malva Branca,Anthophyta,Magnoliopsida,Malvales,Malvaceae,,cordifolia,Zona rural: Sítio novo/ Umburana,,Nativa,Karina Figueiredo,,,,,,
Malvaceae M3,692,M3. 33,Guazuma ulmifolia,Mutamba,Anthophyta,Magnoliopsida,Malvales,Malvaceae,,ulmifolia,-15.4455104 -44.397911,,Nativa,Cyrus Pereira Araújo,,,,,,
Malvaceae M3,693,M3.34,Pavonia cancellata,Malva-rasteira,Anthophyta,Magnoliopsida,Malvales,Malvaceae,,cancellata,-15.449395 -44.366468,,Nativa,Cyrus Pereira Araújo,,,,,,
Malvaceae M3,694,M3. 35,Gossypium hirsutum L.,Algodão,Anthophyta,Magnoliopsida,Malvales,Malvaceae,,hirsutum L.,"-15.475056, -44.33522",,Nativa,Ana Luisa Viana Coelho,,,,,,
Malvaceae M3,695,M3.36,Guazuma ulmifolia,Mutamba,Anthophyta,Magnoliopsida,Malvales,Malvaceae,,ulmifolia,15'28'49.5''S 44'22'08.5''W,,Nativa,Gysele Lopes Carneiro,,,,,,
Malvaceae M3,696,M3.37,Gossypium hirsutum L,Algodoeiro,Anthophyta,Magnoliopsida,Malvales,Malvaceae,,hirsutum L.,Brejo do Santana (Itacarambi),,Nativa,Reinaldo Bispo,,,,,,
Malvaceae M3,697,M3.37,Sida cordifolia,,,,,,,,IFNMG - Campus Januária MG,,,Cassio de Assis Pereira,,,,,,
Malvaceae M3,698,M3.38,Gossypium hirsutum L,Algodoeiro,Anthophyta,Magnoliopsida,Malvales,Malvaceae,,hirsutum L.,Januária,,Nativa,Desconhecido,,,,,,
Malvaceae M3,699,M3. 39,Pavonia cancellata,Malva-rasteira,Anthophyta,Magnoliopsida,Malvales,Malvaceae,,Pavonia cancellata,IFNMG - Januária MG,,Nativa,Desconhecido,,,,,,
Malvaceae M3,700,M3.40,Guazuma ulmifolia,Mutamba,Anthophyta,Magnoliopsida,Malvales,Malvaceae,,ulmifolia,LAT.S 15°26'50'' e LONG.O 44°22'11'',,Nativa,Tiago Emanoel de Castro Sales,,,,,,
Malvaceae M3,701,M3.41,Pavonia cancellata,Malva-rasteira,Anthophyta,Magnoliopsida,Malvales,Malvaceae,,Pavonia cancellata,LAT.S 15°27'5'' e LONG.O 44°21'54'',,Nativa,Tiago Emanoel de Castro Sales,,,,,,
Malvaceae M3,702,M3.42,Gossypium hirsutum L,,,,,,,,Januária -15.478002 -44.371357,,,Levi,,,,,,
Malvaceae M3,703,M3.43,Guazuma ulmifolia,Mutamba,,,,,,,IFNMG - Campus Januária,,,Larissa Gomes,,,,,,
Myrtaceae M4,704,M4.1,Psidium Guajava L.,Goiaba rosa,Anthophyta,Magnoliopsida,Myrtales,Myrataceae,,Psidium Guajava L.,"-1548185- 44.35202 Januarua MG - R, Asteria Ferreira Chaves - n33 - Bairro Vila Paula",,Naturalizada,"Adriele, Caroline, Hellen, Lairton, Laires Neila, William",,,,,,
Myrtaceae M4,705,M4.2,Callistermo viminalis,Escova de garrafa ( vermelha com folhas lanceloadas),Anthophyta,Magnoliopsida,Myrtales,Myrtaceae,,Callistermo viminalis,IFNMG - Januária MG,,Cultivada,"Adriele, Caroline, Hellen, Lairton, Laires Neila, William",,,,,,
Myrtaceae M4,706,M4.3,Callistermo viminalis,Escova de garrafa ( vermelha com folhas lanceloadas),Anthophyta,Magnoliopsida,Myrtales,Myrtaceae,,Callistermo viminalis,IFNMG - Januária MG,,Cultivada,Lucas Alves Ferreira,,,,,,
Myrtaceae M4,707,M4.4,Callistermo viminalis,Escova de garrafa ( vermelha com folhas lanceloadas),Anthophyta,Magnoliopsida,Myrtales,Myrtaceae,,Callistermo viminalis,IFNMG - Januária MG,,Cultivada,Samara,,,,,,
Myrtaceae M4,708,M4.5,Psidium Guajava L.,Goiaba,Anthophyta,Magnoliopsida,Myrtales,Myrtaceae,,Psidium Guajava L.,Barreiro - Januária MG,,Naturalizada,Brenda Santos,,,,,,
Myrtaceae M4,709,M4.6,Eucalyptus camalulensis,Eucalipto,Anthophyta,Magnoliopsida,Myrtales,Myrtaceae,,Eucalyptus camalulensis,IFNMG - Januaria MG,,Cultivada,Camila Lopo,,,,,,
Myrtaceae M4,710,M4.7,Callistermo viminalis,Escova de garrafa ( vermelho com folhas lanceloadas ),Anthophyta,Magnoliopsida,Myrtales,Myrtaceae,,Callistermo viminalis,IFNMG - Januária MG,,Cultivada,Mariane Gonsalves Oliveira,,,,,,
Myrtaceae M4,711,M4.8,Psidium Guajava L.,Goiaba roxa,Anthophyta,Magnoliopsida,Myrtales,Myrtaceae,,Psidium Guajava L.,IFNMG - Januária MG,,Nativa,Vitoria Alves,,,,,,
Myrtaceae M4,712,M4.9,Psidium Guajava L.,Goiaba,Anthophyta,Magnoliopsida,Myrtales,Myrtaceae,,Psidium Guajava L.,São João das Missões\MG,,Nativa,Lara Fabian Souza Lacerda,,,,,,
Myrtaceae M4,713,M4.10,Psidium Guajava L.,Goiaba,Anthophyta,Magnoliopsida,Myrtales,Myrtaceae,,Psidium Guajava L.,IFNMG - Januária MG,,Nativa,João Vitor Ferreira,,,,,,
Myrtaceae M4,714,M4.11,Callistermo viminalis,Escova de garrafa ( vermelha com folhas lanceloadas),Anthophyta,Magnoliopsida,Myrtales,Myrtaceae,,Callistermo viminalis,IFNMG - Januaria MG,,Cultivada,Manuela Gonçalves de Almeida,,,,,,
Myrtaceae M4,715,M4.12,Eugenia dysenterica,Cagaita,Anthophyta,Magnoliopsida,Myrtales,Myrtaceae,,Eugenia dysenterica,IFNMG - Januaria MG,,Nativa,Gabriel Cardoso,,,,,,
Myrtaceae M4,716,M4.13,Callistermo viminalis,Escova de garrafa ( vermelho com folhas lanceloadas ),Anthophyta,Magnoliopsida,Myrtales,Myrtaceae,,Callistermo viminalis,IFNMG - Januaria MG,,Cultivada,Arthur Ferreira,,,,,,
Myrtaceae M4,717,M4.14,Psidium guajava L.,Goiaba,Anthophyta,Magnoliopsida,Myrtales,Myrtaceae,,Psidium guajava L.,Itacarambi - MG,,Naturalizada,Lucas Monteiro Aguiar,,,,,,
Myrtaceae M4,718,M4.15,Psidium guajava L.,Goiaba,Anthophyta,Magnoliopsida,Myrtales,Myrtaceae,,Psidium guajava L.,Bonito de Minas - MG,,Naturalizada,Islane Reis Rodrigues Silva,,,,,,
Myrtaceae M4,719,M4.16,Psidium guajava L.,Goiaba,Anthophyta,Magnoliopsida,Myrtales,Myrtaceae,,Psidium guajava L.,Januária - MG,,Naturalizada,Sara Alves,,,,,,
Myrtaceae M4,720,M4.17,Callistermo viminalis,Escova de garrafa,Anthophyta,Magnoliopsida,Myrtales,Myrtaceae,,Callistermo viminalis,Januária - MG,,Cultivada,Avilson,,,,,,
Myrtaceae M4,721,M4.18,Psidium guajava,Goiaba,Anthophyta,Magnoliopsida,Myrtales,Myrtaceae,,Psidium guajava,IFNMG - Campus Januária MG,,Naturalizada,Adam,,,,,,
Myrtaceae M4,722,M4.19,Psidium guajava,Goiaba,Anthophyta,Magnoliopsida,Myrtales,Myrtaceae,,Psidium guajava,Comunidade remanescente quilombola de Tabua,,Naturalizada,Ana Carolina Silva Braga,,,,,,
Myrtaceae M4,723,M4.20,Eugenia uniflora,Pitanga,Anthophyta,Magnoliopsida,Myrtales,Myrtaceae,,Eugenia uniflora,IFNMG - Campus Januária MG,,Nativa,Veronica de Fátima,,,,,,
Myrtaceae M4,724,M4.21,Psidium guajava,Goiaba,Anthophyta,Magnoliopsida,Myrtales,Myrtaceae,,Psidium guajava,Riacho da Cruz - Januária MG,,Naturalizada,Maria Claudia Ferreira Cabral,,,,,,
Myrtaceae M4,725,M4.22,Psidium guajava,Goiaba,Anthophyta,Magnoliopsida,Myrtales,Myrtaceae,,Psidium guajava,IFNMG - Campus Januária MG,,Naturalizada,Lucas Figueiredo,,,,,,
Myrtaceae M4,726,M4.23,Psidium guajava,Goiaba,Anthophyta,Magnoliopsida,Myrtales,Myrtaceae,,Psidium guajava,Manga - MG,,Naturalizada,Tauana,,,,,,
Myrtaceae M4,727,M4. 24,Psidium guajava,Goiaba,Anthophyta,Magnoliopsida,Myrtales,Myrtaceae,,Psidium guajava,15º 27' 1.73'' S 44° 21' 57.89''O Fruticultura IFNMG -Campus Januária,,Naturalizada,Tiago de Souza Rodrigues,,,,,,
Myrtaceae M4,728,M4.25,Eugenia uniflora,Pitanga,Anthophyta,Magnoliopsida,Myrtales,Myrtaceae,,Eugenia uniflora,15º 27' 02'' S 44º 21' 57'' W,,Nativa,Samuel Rodrigues dos Santos,,,,,,
Myrtaceae M4,729,M4.26,Eugenia uniflora,Pitanga,Anthophyta,Magnoliopsida,Myrtales,Myrtaceae,,Eugenia uniflora,15º 27' 02'' S 44º 21' 57'' W,,Nativa,Wellerson Nunes,,,,,,
Myrtaceae M4,730,M4.27,Eugenia uniflora,Pitangueira,Anthophyta,Magnoliopsida,Myrtales,Myrtaceae,,uniflora,IFNMG-Campus Januária MG,,Nativa,Nivia Alves da Silva,,,,,,
Myrtaceae M4,731,M4.28,Eugenia uniflora,Pitanga,Anthophyta,Magnoliopsida,Myrtales,Myrtaceae,,uniflora,"-15,3673655 -44,25605",,Nativa,Kaio Rodrigues da Silva,,,,,,
Myrtaceae M4,732,M4.29,Psidium guajava L.,Goiaba rosa,Anthophyta,Magnoliopsida,Myrtales,Myrataceae,,guajava,Rua Rândanio- Itacarambi MG,,Naturalizada,Cássio de Assis Pereira,,,,,,
Myrtaceae M4,733,M4.30,Psidium guajava L.,Goiaba,Anthophyta,Magnoliopsida,Myrtales,Myrataceae,,guajava,"14º39'13,05""S 44º0'11,892""W",,Naturalizada,Elaine Cristina Santos Almeida,,,,,,
Myrtaceae M4,734,M4.31,Eugenia uniflora,Pitangua,Anthophyta,Magnoliopsida,Myrtales,Myrataceae,,uniflora,Zona rural - Formosa,,Nativa,-,,,,,,
Myrtaceae M4,735,M4.32,Psidium guajava L.,Goiaba,Anthophyta,Magnoliopsida,Myrtales,Myrataceae,,guajava,Tábua (Januária) 15°29'16''S,,Naturalizada,Jefferson Nunes,,,,,,
Myrtaceae M4,736,M4.33,Eugenia uniflora,,,,,,,,IFNMG - Campus Januária,,,,,,,,,
Myrtaceae M4,737,M4.34,Psidium guajava L.,Goiabeira,Anthophyta,Magnoliopsida,Myrtales,Myrataceae,,guajava,Desconhecido,,Naturalizada,Filipi Ferreira,,,,,,
Myrtaceae M4,738,M4.35,Psidium guajava L.,Goiabeira,Anthophyta,Magnoliopsida,Myrtales,Myrataceae,,guajava,IFNMG- Januária,,Naturalizada,Desconhecido,,,,,,
Myrtaceae M4,739,M4.36,Eugenia uniflora,Pitangueira,Anthophyta,Magnoliopsida,Myrtales,Myrtaceae,,uniflora,LAT.S 15°26'45'' e LONG.O 44°21'57'',,Nativa,Pedro Mateus Farias,,,,,,
Myrtaceae M4,740,M4.37,Eugenia uniflora,,,,,,,,IFNMG - Campus Januária,,,Gustavo Brito,,,,,,
Moraceae M6,741,M6.1,Morus nigra L.,Amora,Antophyta,Magnoliopsida,Rosales,Moraceae,,Morus nigra L.,IFNMG - Januária MG,,,Elane Cristina,,,,,,
Moraceae M6,742,M6.2,Morus nigra L.,Amora,Antophyta,Magnoliopsida,Rosales,Moraceae,,Morus nigra L.,"Av. Amélia Coutinho, Bonito de Minas - MG",,,Adriele,,,,,,
Moraceae M6,743,M6.3,Morus nigra L.,Amora negra,Antophyta,Magnoliopsida,Rosales,Moraceae,,Morus nigra L.,Januária - MG,,,,,,,,,
Moraceae M6,744,M3.4,Morus nigra L.,Amora negra,Antophyta,Magnoliopsida,Rosales,Moraceae,,Morus nigra L.,IFNMG - Januária MG,,,Eduardo Barbosa,,,,,,
Meliaceae M5,745,M5.1,Azadirachta indica,Nim,Anthophyta,Magnoliopsida,Sapindales,Meliaceae,,Azadirachta indica,IFNMG - Januária MG,,Exótica,Juliana,,,,,,
Meliaceae M5,746,M5.2,Azadirachta indica,Nim,Anthophyta,Magnoliopsida,Sapindales,Meliaceae,,Azadirachta indica,IFNMG - Januária MG,,Exótica,"Adriele, Caroline, Lairton, Laires, Hellen, Neila, Willian.",,,,,,
Meliaceae M5,747,M5.3,Azadirachta indica,Nim,Anthophyta,Magnoliopsida,Sapindales,Meliaceae,,Azadirachta indica,IFNMG - Januária MG,,Exótica,Camila Lopo,,,,,,
Meliaceae M5,748,M5.4,Melia azedarach L.,Cidamomo,Anthophyta,Magnoliopsida,Sapindales,Meliaceae,,Melia azedarach L.,Januária - MG,,Naturalizada,Vitória Alves Sales,,,,,,
Meliaceae M5,749,M5.5,Azadirachta indica,Nim,Anthophyta,Magnoliopsida,Sapindales,Meliaceae,,Azadirachta indica,Januária - MG,,Exótica,Juliana Durães,,,,,,
Meliaceae M5,750,M5.6,Azadirachta indica,Nim,Anthophyta,Magnoliopsida,Sapindales,Meliaceae,,Azadirachta indica,IFNMG - Januária MG,,Exótica,Leonardo Rozeno,,,,,,
Meliaceae M5,751,M5.7,Azadirachta indica,Nim,Anthophyta,Magnoliopsida,Sapindales,Meliaceae,,Azadirachta indica,IFNMG - Januária MG,,Exótica,Any Karoline Mota,,,,,,
Meliaceae M5,752,M5.8,Azadirachta indica,Nim,Anthophyta,Magnoliopsida,Sapindales,Meliaceae,,Azadirachta indica,IFNMG - Januária MG,,Exótica,Ketley,,,,,,
Meliaceae M5,753,M5.9,Azadirachta indica,Nim,Anthophyta,Magnoliopsida,Sapindales,Meliaceae,,Azadirachta indica,Januária - MG,,Exótica,Widy,,,,,,
Meliaceae M5,754,M5. 10,Trichilia elegans,Catigua,Anthophyta,Magnoliopsida,Sapindales,Meliaceae,,Trichilia elegans,Last: 15º26'57'' S 44º 24' 41'',,Nativa,Maria Eduarda S. Figueiredo,,,,,,
Molluginaceae M7,755,M7.1,Mollugo verticillata L.,Capim-tapete,Anthophyta,Magnoliopsida,Caryophyllales,Molluginaceae,,Azadirachta indica,IFNMG-Campus Januária,,Nativa,Ana Clara,,,,,,
Nyctagnaceae N1,756,N1.1,Bougainvillea glabra choisy,Bougainvillia,Antophyta,Magnoliopsida,Caryophyllales,Nyctagnaceae,,Bougainvillea glabra choisy,IFNMG - Januária MG,,Nativa,Renata,,,,,,
Nyctagnaceae N1,757,N1.2,Bougainvillea glabra choisy,Bougainvillia,Antophyta,Magnoliopsida,Caryophyllales,Nyctagnaceae,,Bougainvillea glabra,Januária - MG,,Nativa,Ana Clara Ribeiro,,,,,,
Nyctagnaceae N1,758,N1.3,Bougainvillea glabra,Bougainvillia,Antophyta,Magnoliopsida,Caryophyllales,Nyctagnaceae,,Bougainvillea glabra,IFNMG - Januária - MG,,Nativa,Jose Gabriel Fernandes,,,,,,
Nyctagnaceae N1,759,N1.4,Bougainville spectabilis,Primavera,Antophyta,Magnoliopsida,Caryophyllales,Nyctaginaceae,,Bougainville spectabilis,IFNMG - Januária - MG,,Nativa,Larissa Marinho,,,,,,
Nyctagnaceae N1,760,N1.5,Bougainvillea glabra,Juá-francê-vermelha,Antophyta,Magnoliopsida,Caryophyllales,Nyctaginaceae,,Bougainville glabra,Bonito de Minas - MG,,Nativa,"Neila, Caroline, Hellen, Adriele, Laires, Lairton, William.",,,,,,
Nyctagnaceae N1,761,N1.6,Bougainvillea arborea Glaz.,Bugavile,Antophyta,Magnoliopsida,Caryophyllales,Nyctaginaceae,,Bougainvillea arborea Glaz.,IFNMG - Januária - MG,,Nativa,Sara Thaís,,,,,,
Nyctagnaceae N1,762,N1.7,Bougainvillea glabra choisy var.,Primavera,Antophyta,Magnoliopsida,Caryophyllales,Nyctaginaceae,,Bougainvillea glabra,IFNMG - Januária MG,,Nativa,Vitória de Jesus Gonçalves Lima,,,,,,
Nyctagnaceae N1,763,N1.8,Bougainvillea glabra,Três-marias,Antophyta,Magnoliopsida,Caryophyllales,Nyctaginaceae,,Bougainvillea glabra,IFNMG-Januária IFNMG-Januária,,Nativa,José Gabriel Fernandes,,,,,,
Nyctagnaceae N1,764,N1.8,Bougainvillea glabra var.,Primavera,Antophyta,Magnoliopsida,Caryophyllales,Nyctaginaceae,,Bougainvillea glabra var.,IFNMG - Januária MG,,Nativa,Mariane Gonçalves Oliveira,,,,,,
Nyctagnaceae N1,765,N1.9,Mirabilis jalapa,Maravilha,Antophyta,Magnoliopsida,Caryophyllales,Nyctaginaceae,,Mirabilis jalapa,São João da Ponte/MG,,Exótica,Keity Milena,,,,,,
Nyctagnaceae N1,766,N1.10,Bougainvillea glabra,Bugavilias,Antophyta,Magnoliopsida,Caryophyllales,Nyctaginaceae,,Bougainvillea glabra,E.E Caio Martins - Januária - MG,,Nativa,Kammilly Victoria Ferreira Pires,,,,,,
Nyctagnaceae N1,767,N1.11,Bougainvillea arborea Glaz,Bougainvillea,Antophyta,Magnoliopsida,Caryophyllales,Nyctaginaceae,,Bougainvillea arborea Glaz.,IFNMG-Januária,,Nativa,Isadora Viana,,,,,,
Nyctagnaceae N1,768,N1.12,Bougainvillea spectabilis,Primavera,Antophyta,Magnoliopsida,Caryophyllales,Nyctaginaceae,,Bougainvillea spectabilis,São João das Missões - MG,,Nativa,Fábio Luis,,,,,,
Nyctagnaceae N1,769,N1.13,Bougainvillea glabra,Três-marias,Antophyta,Magnoliopsida,Caryophyllales,Nyctaginaceae,,Bougainvillea glabra,IFNMG - Januária MG,,Nativa,João Vitor Ferreira,,,,,,
Nyctagnaceae N1,770,N1.14,Bougainvillea spectabilis,Bougainvillea ou três Marias,Antophyta,Magnoliopsida,Caryophyllales,Nyctaginaceae,,Bougainvillea spectabilis,Bonito de Minas - MG,,Nativa,Islane Reis Rodrigues Silva,,,,,,
Nyctagnaceae N1,771,N1.15,Bougaivillea glabra,Primavera,Antophyta,,Caryophyllales,Nyctaginaceae,,Bougainvillea glabra,"Bom Jardim, Januária - MG",,Nativa,Daniel,,,,,,
Nyctagnaceae N1,772,N1.16,Boerhavia diffusa,pega pinto,Antophyta,Magnoliopsida,Caryophyllales,Nyctaginaceae,,,IFNMG - campus Januária,,,Eduardo Barbosa,,,,,,
Nyctagnaceae N1,773,N1.17,Bougainville spectabilis,,Antophyta,Magnoliopsida,Caryophyllales,Nyctaginaceae,,Bougainville spectabilis,IFNMG Campus Januária - MG,,,Raiane da Silva Rocha,,,,,,
Nyctagnaceae N1,774,N1.18,Bougainville spectabilis,,Antophyta,Magnoliopsida,Caryophyllales,Nyctaginaceae,,Bougainville spectabilis,IFNMG - Campus Januária MG,,,Vanessa Carvalho,,,,,,
Nyctagnaceae N1,775,N1.19,Bougainville glabra,,Antophyta,Magnoliopsida,Caryophyllales,Nyctaginaceae,,Bougainville glabra,Januária - MG,,,Izaulina Martins,,,,,,
Nyctagnaceae N1,776,N1.20,Bougainville spectabilis,,Antophyta,Magnoliopsida,Caryophyllales,Nyctaginaceae,,Bougainville spectabilis,IFNMG - Januária MG,,,Julia Durães,,,,,,
Nyctagnaceae N1,777,N1.21,Boerhavia hirsuta,,Antophyta,Magnoliopsida,Caryophyllales,Nyctaginaceae,,Boerhavia hirsuta,IFNMG - Campus Januária MG,,,Ana Clara Alves dee Matos,,,,,,
Nyctagnaceae N1,778,N1.22,Bougainville spectabilis,Primavera roxa,Antophyta,Magnoliopsida,Caryophyllales,Nyctaginaceae,,spectabilis,Januária MG - Centro,,Nativa,Heryni Francisca Moreira Xavier da Silva,,,,,,
Nyctagnaceae N1,779,N1.23,Bougainville glabra,Primavera,Antophyta,Magnoliopsida,Caryophyllales,Nyctaginaceae,,glabra,IFNMG- Campus Januária,,Nativa,Cássio de Assis Pereira,,,,,,
Nyctagnaceae N1,780,N1.24,Bougainville glabra,,,,,,,,IFNMG - Campus Januária,,,Filipe Ferreira,,,,,,
Nyctagnaceae N1,781,N1.25,Boerhavia diffusa,,,,,,,,"Januária -15.484002, -44.371357",,Naturalizada,Levi,,,,,,
Oleaceae O1,782,O1.1,Jasminum officinale,Jasmim,Antophyta,Magnoliopsida,Gentianales,Oleaceae,,Jasminum officinale,"R: Monsenhor J. Camilo, Januária\MG",,,Sara Thaís,,,,,,
Oleaceae O1,783,O1.2,Ligustrum Japonicum,Alecrim do Campo,Antophyta,Magnoliopsida,Gentianales,Oleaceae,,Ligustrum Japonicum,IFNMG - Campus Januária\MG,,,Marlon César Lopes Rodrigues,,,,,,
Onagraceae O2,784,O2.1,Ludwigia affinis (DC.) H. Hara,Cruz de Malta,Antophyta,Magnoliopsida,Myrtales,Onagraceae,,Ludwigia affinis (DC.) H. Hara,Desconhecido,,,Rafaela Alves,,,,,,
Odinaceae O3 ,785,O3.1,Galphimia gracilis,Dourado do Chuveiro,Antophyta,Magnoliopsida,Malpighiales,Odinaceae,,Galphimia gracilis,Vazantão - Bonito de Minas MG,,,Daiane Alves Rodrigues,,,,,,
Ochnaceae O4,786,O4.1,Ochina serrulata,Olho de passarinho,Antophyta,Magnoliopsida,Malpighiales,Ochnaceae,,Ochins serrulata,Bonito de Minas - MG,,,Samara,,,,,,
Oxalidaceae O5,787,O5.1,Oxales triangulares,Azedinha,Antophyta,Magnoliopsida,Oxalidales,Oxalidaceae,,Oxales triangulares,Pedras de Maria da Cruz MG,,,Monique Iraildes,,,,,,
Oxalidaceae O5,788,O5.2,Averrhoa carambola,,,,,,,,"Tábua - Januária (-15º30`12,63`S -44º26`42,23`O)",,,Jefferson Nunes,,,,,,
Oxalidaceae O5,789,O5.3,Averrhoa carambola,,,,,,,,"Tábua - Januária (-15º30`12,63`S -44º26`42,23`O)",,,Jefferson Nunes,,,,,,
Papaveraceae P1,790,P1.1,Argemone mexicana L.,Cardo-santo,Antophyta,Magnoliopsida,Ranunculales,Papoveraceae,,Argemone mexicana L.,"Olhos d'água, Cônego Marinho/Mg",,,Rafaela Alves Araújo,,,,,,
Papaveraceae P1,791,P1.2,Argemone mexicana L.,Cardo-santo,Antophyta,Magnoliopsida,Ranunculales,Papoveraceae,,Argemone mexicana L.,"B. São Miguel, Januária/MG",,,Vitória Soares,,,,,,
Papaveraceae P1,792,P1.3,Argemone mexicana,Cardo-santo,Antophyta,Magnoliopsida,Ranunculales,Papoveraceae,,Argemone mexicana L.,Pedras de Maria da Cruz/MG,,,Élen Pereira,,,,,,
Passifloraceae P2,793,P2.1,Turmera Subulata,"Chanana, Flor - do - guarujá",Antophyta,Magnoliopsida,Malpighiales,Passifloraceae,,Turmera Subulata,"Boa Vista, Januária - MG",,Nativa,Mirelle Aléxia,,,,,,
Passifloraceae P2,794,P2.2,Passiflora edulis,Maracujá - amarelo,Antophyta,Magnoliopsida,Malpighiales,Passifloraceae,,Passiflora edulis,"Umbuzeiro, Lontra - MG",,Nativa,Gustavo Henrique,,,,,,
Passifloraceae P2,795,P2.3,Passiflora edulis,Maracujá - amarelo,Antophyta,Magnoliopsida,Malpighiales,Passifloraceae,,Passiflora edulis,"Faz. Lagoa Nova, Patis - MG",,Nativa,Gabryella R. Gusmão,,,,,,
Passifloraceae P2,796,P2.4,Passiflora cincinnata Mast.,Maracujá da Caatinga,Antophyta,Magnoliopsida,Malpighiales,Passifloraceae,,Passiflora cincinnata Mast.,IFNMG - Campus Januária,,Nativa,Camila Lopo,,,,,,
Passifloraceae P2,797,P2.5,Passiflora incarnata,Maracujá,Antophyta,Magnoliopsida,Malpighiales,Passifloraceae,,Passiflora incarnata,Januária - MG,,,Juliana Durães,,,,,,
Passifloraceae P2,798,P2.6,Turnera subulata,Boa noite,Antophyta,Magnoliopsida,Malpighiales,Passifloraceae,,Turnera subulata,Patis - MG,,Exótica,Ketley,,,,,,
Passifloraceae P2,799,P2.7,Turnera subulata,,Antophyta,Magnoliopsida,Malpighiales,Passifloraceae,,Turnera subulata,,,,,,,,,,
Passifloraceae P2,800,P2.8,Turnera subulata,Boa noite,Antophyta,Magnoliopsida,Malpighiales,Passifloraceae,,Turnera subulata,Januária MG,,,Nilmara Mendes,,,,,,
Passifloraceae P2,801,P2.9,Turnera subulata S.M,Flor do Guarujá,Antophyta,Magnoliopsida,Malpighiales,Turneraceae,,Turnera subulata J.E.Sm.,"R. Coronel Serrão, Centro - Januária/MG",,,Umberto da Rocha Rodrigues,,,,,,
Passifloraceae P2,802,P2.10,Turnera umifolia L.,Flor do Guarujá,Antophyta,Magnoliopsida,Malpighiales,Turneraceae,,Turnera ulmifolia L.,R. Nossa senhora Aparecida - Lontra/MG,,,Jéssica Mendes da Silva,,,,,,
Passifloraceae P2,803,P2.11,Turnera umifolia L.,Flor do Guarujá,Antophyta,Magnoliopsida,Malpighiales,Passifloraceae,,ulmifolia L.,Praça Emilio de Matos - Januária/ MG,,Cultivada,Thâmilly Vieira Gonçalves,,,,,,
Passifloraceae P2,804,P2.12,Turnera subulata,Boa noite,Antophyta,Magnoliopsida,Malpighiales,Passifloraceae,,subulata,Januária MG Centro,,Exótica,Heriny Francisca Moreira,,,,,,
Polygonaceae P3 ,805,P3.1,Triplaris americana L.,Pajéu,Antophyta,Magnoliopsida,Caryophyllales,Polygonaceae,,Triplaris brasiliana,IFNMG\ Januária,,Nativa,Desconhecido,,,,,,
Polygonaceae P3 ,806,P3.2,Antigonon leptopus Hook e Arn.,Agarradinho,Antophyta,Magnoliopsida,Caryophyllales,Polygonaceae,,LeptopusAntigonon leptopus Hook e Arn.,"R:10, N: 25. Januária - MG",,Cultivada,Caroline,,,,,,
Polygonaceae P3 ,807,P3.3,Triplaris americana L.,Pajéu,Antophyta,Magnoliopsida,Caryophyllales,Polygonaceae,,Triplaris brasiliana,IFNMG\ Januária,,Nativa,Ana Flávia Viana,,,,,,
Polygonaceae P3 ,808,P3.4,Coccoloba uvifera,Uva da praia,Antophyta,Magnoliopsida,Caryophyllales,Polygonaceae,,Coccoloba uvifera,Desconhecido,,Cultivada,Desconhecido,,,,,,
Polygonaceae P3 ,809,P3.5,Triplaris gardneriana wedd,Pau de Formiga,Antophyta,Magnoliopsida,Caryophyllales,Polygonaceae,,Triplaris gardneriana wedd,IFNMG\ Januária,,Nativa,Nathan Borges,,,,,,
Polygonaceae P3 ,810,P3.6,Triplaris gardneriana,Pajéu,Antophyta,Magnoliopsida,Caryophyllales,Polygonaceae,,Triplaris gardneriana,IFNMG\ Januária,,Nativa,Camila Lopo,,,,,,
Polygonaceae P3 ,811,P3.7,Triplaris gardneriana,Pau Jáu,Antophyta,Magnoliopsida,Caryophyllales,Polygonaceae,,Triplaris gardneriana,IFNMG\ Januária,,Nativa,Samara,,,,,,
Polygonaceae P3 ,812,P3.8,Triplaris gardneriana wedd,Pajéu,Antophyta,Magnoliopsida,Caryophyllales,Polygonaceae,,Triplaris gardneriana wedd,IFNMG\ Januária,,Nativa,Arthur Ferreira,,,,,,
Polygonaceae P3 ,813,P3.9,Antigonon leptopus,Amor agarradinho,Antophyta,Magnoliopsida,Caryophyllales,Polygonaceae,,Antigonon leptopus,Pedras de Mª da Cruz\ MG,,,Natannia Oliveira de Souza,,,,,,
Polygonaceae P3 ,814,P3.10,Triplaris gardneriana wedd,Formigueiro,Antophyta,Magnoliopsida,Caryophyllales,Polygonaceae,,Triplaris gardneriana wedd,"Clube Jussara, Januária\MG",,,Marlon César,,,,,,
Polygonaceae P3 ,815,P3.11,Antigonon leptopus,Amor agarradinho,Antophyta,Magnoliopsida,Caryophyllales,Polygonaceae,,Antigonon leptopus,"Barreiro, Januária\MG",,,Moser Carvalho,,,,,,
Polygonaceae P3 ,816,P3.12,Triplaris gardneriana,Pajéu,Antophyta,Magnoliopsida,Caryophyllales,Polygonaceae,,Triplaris gardneriana,Fazenda Lagoa Nova. Patins\MG,,,Gabryella Rocha,,,,,,
Polygonaceae P3 ,817,P3.13,Antigonon leptopus,Amor agarradinho,Antophyta,Magnoliopsida,Caryophyllales,Polygonaceae,,Antigonon leptopus,Januária - MG,,,Lauane Caroline,,,,,,
Polygonaceae P3 ,818,P3.14,Triplaris gardneriana,Pau - Jaú,Antophyta,Magnoliopsida,Caryophyllales,Polygonaceae,,Triplaris gardneriana,IFNMG - Campus Januária MG,,,Maria Salete R de Oliveira,,,,,,
Polygonaceae P3 ,819,P3.15,Triplaris gardneriana,Pau Jaú,Antophyta,Magnoliopsida,Caryophyllales,Polygonaceae,,Triplaris gardneriana,Cruz dos Araújos - MG,,,Nilmara Mendes,,,,,,
Polygonaceae P3 ,820,P3.16,Triplaris gardneriana,Pau Jau,Antophyta,Magnoliopsida,Caryophyllales,Polygonaceae,,Triplaris gardneriana,Riacho da Cruz - Januária MG,,,,,,,,,
Polygonaceae P3 ,821,P3.17,Securidaca rivinifolia,Sussurando,Antophyta,Magnoliopsida,Caryophyllales,Polygonaceae,,Securidaca rivinifolia,15º 17' 23'' S 44º 49' 20'' W,,Nativa,Tulio Rozeno Neves,,,,,,
Polygonaceae P3 ,822,P3.18,Triplaris gardneriana,Pau-Jaú,Antophyta,Magnoliopsida,Caryophyllales,Polygonaceae,,gardneriana,IFNMG- Campus Januária,,Nativa,Nivia Alves da Silva,,,,,,
Polygonaceae P3 ,823,P3.19,Triplaris gardneriana,Pajeú,Antophyta,Magnoliopsida,Caryophyllales,Polygonaceae,,gardneriana,IFNMG-Januária,,Nativa,Samuel Amorim,,,,,,
Polygonaceae P3 ,824,P3.20,Triplaris gardneriana,Pau-Jaú,Antophyta,Magnoliopsida,Caryophyllales,Polygonaceae,,gardneriana,-15º 36'72.8'' -44º 26' 47'',,Nativa,Kaio Rodrigues da Silva,,,,,,
Polygonaceae P3 ,825,P3.21,Triplaris americana L.,Pau de Formiga,Antophyta,Magnoliopsida,Caryophyllales,Polygonaceae,,americana L.,IFNMG Campus Januária-MG,,Nativa,Cássio de Assis,,,,,,
Polygonaceae P3 ,826,P3.22,Triplaris americana L.,Pau de Formiga,Antophyta,Magnoliopsida,Caryophyllales,Polygonaceae,,americana L.,"15.341228 -44,627212",,Nativa,Gisele Lopes Carneiro,,,,,,
Polygonaceae P3 ,827,P3.23,Triplaris americana L.,,,,,,,,Fazenda Sitio-Brejo do Amparo (-15º 360 812 -44º36716),,,Levi,,,,,,
Poaceae P4,828,P4.1,Sorghum bicolor,Sorgo,Antophyta,Liliopsida,Poales,Poaceae,,Bicolor,IFNMG - Campus Januária MG,,Naturalizada,Erika Mota,,,,,,
Poaceae P4,829,P4.2,Cenchrus echinatus,Campim Roseta,Antophyta,Liliopsida,Poales,Poaceae,,Echinatus,IFNMG - Campus Januária MG,,Nativa,Renata Almeida,,,,,,
Poaceae P4,830,P4.3,Cenchrus americanus,Milhete,Antophyta,Liliopsida,Poales,Poaceae,,Americanus,IFNMG - Campus Januária MG,,Naturalizada,João Vitor Marçal,,,,,,
Poaceae P4,831,P4.4,Cenchrus echinatus L.,Capim Carrapicho,Antophyta,Liliopsida,Poales,Poaceae,,Echinatus,IFNMG - Campus Januária MG,,Nativa,Ana Flávia Viana,,,,,,
Poaceae P4,832,P4.5,Sorghum bicolor,Sorgo,Antophyta,Liliopsida,Poales,Poaceae,,Americanus,IFNMG - Campus Januária MG,,Naturalizada,Gabriel Cardoso,,,,,,
Poaceae P4,833,P4.6,Cenchrus echinatus L.,Capim Carrapicho,Antophyta,Liliopsida,Poales,Poaceae,,Echinatus,IFNMG - Campus Januária MG,,Nativa,Igor Francisco,,,,,,
Poaceae P4,834,P4.7,Lasiacis maculata,Desconhecido,Antophyta,Liliopsida,Poales,Poaceae,,Lasiacis maculada,"Barreiro, Januária - MG",,Não encontrado,Moser Carvalho,,,,,,
Poaceae P4,835,P4.8,Triticum aestivum,Triticum,Antophyta,,,Poaceae,,,Januária - MG,,,Juliana Durães,,,,,,
Poaceae P4,836,P4.9,Sorghum bicolor,Sorgo,Antophyta,Liliopsida,Poales,Poaceae,,Bicolor,IFNMG - campus Januária,,Naturalizada,Ícaro Rodrigues,,,,,,
Poaceae P4,837,P4.10,Pennisetum purpureum,Capim Elefante,Antophyta,Liliopsida,Poales,Poaceae,,Purpureum,Pandeiros - Januária/MG,,Naturalizada,Geiciele da Silva,,,,,,
Poaceae P4,838,P4.11,Triticum aestivum,Trigo,Antophyta,Liliopsida,Poales,Poaceae,,Triticum aestivum,IFNMG - campus Januária,,Cultivada,Junior,,,,,,
Poaceae P4,839,P4.12,Paspalum dilatatum,Capim melado,Antophyta,Liliopsida,Poales,Poaceae,,Paspalum dilatatum,Januaria - MG,,,Maria Claudia Ferreira Cabral,,,,,,
Poaceae P4,840,P4.13,Zea mays,Milho,Antophyta,Liliopsida,Poales,Poaceae,,Zea mays,Pedras de Maria da Cruz - MG,,,Vanessa Carvalho,,,,,,
Poaceae P4,841,P4.14,Cenchrus echinatus L.,Capim Carrapicho,Antophyta,Liliopsida,Poales,Poaceae,,Echinatus,Área do laboratório de interações biológicas - IFNMG Campus Januária - MG,,Nativa,Tiago de Souza Rodrigues,,,,,,
Poaceae P4,842,P4.15,Cenchrus echinatus L.,Capim Carrapicho,Antophyta,Liliopsida,Poales,Poaceae,,Echinatus,"15°27'05""S 44°21'57""W 476m",,Nativa,Wellerson Nunes,,,,,,
Poaceae P4,843,P4.16,Cenchrus echinatus,Carrapicho,Antophyta,Liliopsida,Poales,Poaceae,,Echinatus,15°29'05''S 44°29'57''W 476m,,Nativa,Ernando Santos de Oliveira,,,,,,
Poaceae P4,844,P4.17,Digitaria insularis L.,Capim-amargoso,Antophyta,Liliopsida,Poales,Poaceae,,insularis,Desconhecido,,Naturalizada,Paula Vitória Santos Peckmim,,,,,,
Poaceae P4,845,P4.18,Cenchrus echinatus L.,Capim carrapicho,Antophyta,Liliopsida,Poales,Poaceae,,echinatus,IFNMG (horta de Grandes Culturas ) - Campus Januária,,Nativa,Gustavo Brito,,,,,,
Poaceae P4,846,P4.19,Cenchrus echinatus,Capim carrapicho,Antophyta,Liliopsida,Poales,Poaceae,,echinatus,LAT.S: 15º 27' 4'' LONG.O: 44º 22'16'',,Nativa,Tiago Emanoel de Castro Sales,,,,,,
Phytolaccaceae P5,847,P5.1,Petiveria tetandra,Guine,Antophyta,Magnoliopsida,Caryophyllales,Phytolaccaceae,,Petiveria tetandra,Itacarambi - MG,,,Mariane Gonçalves,,,,,,
Phytolaccaceae P5,848,P5.2,Petiveria Alliaceae L.,"Petiveria, amansa-senhor",Antophyta,Magnoliopsida,Caryophyllales,Petiveriaceae,,Petiveria Alliaceae L.,Itacaranbi-MG,,Exótica,Rafaela Alves Araújo,,,,,,
Phytolaccaceae P5,849,mudar na excicata,já foi mudada,,,,,,,,,,,,,,,,,
Petiveriaceae P6,850,P6.1,Petiveria Alliaceae L.,"Petiveria, amansa-senhor",Antophyta,Magnoliopsida,Caryophyllales,Petiveriaceae,,Petiveria Alliaceae L.,Itacaranbi-MG,,Exótica,Rafaela Alves Araújo,,,,,,
Plumbignaceae P6,851,P6.1,Plumbago auriculata,Bela Emília,Antophyta,Magnolipsida,Caryophyllales,Plumbaginageae,,Plumbago auriculata,-,,-,Marcos Ramos,,,,,,
Portulacaceae P7,852,P7.1,Portulaca grandiflora,Onze Horas,Antophyta,Magnoliopsida,Caryophyllales,Portulacaceae,,Portulaca grandiflora,Pedras de Maria da Cruz - MG,,,Monique Iraildes,,,,,,
Rosaceae R1,853,R1.1,Rosa multiflora thunb,Rosa silvestre,Antophyta,Magnoliopsida,Rosales,Rosaceae,,Rosa multiflora thunb,Desconhecido,,Cultivada,Desconhecido,,,,,,
Rosaceae R1,854,R1.2,Rosa odorata,Mini rosa,Antophyta,Magnoliopsida,Rosales,Rosaceae,,Rosa odorata,R. Maria Clementina de Oliveira N 80.,,Cultivada,Leticia Porto Mesquita,,,,,,
Rosaceae R1,855,R1.3,Rosa chinesis Jacq.,Rosa,Antophyta,Magnoliopsida,Rosales,Rosaceae,,Rosa chinesis Jacq.,Desconhecido,,Cultivada,Paula Farias,,,,,,
Rosaceae R1,856,R1.4,Rosa gallica,Rosa,Antophyta,Magnoliopsida,Rosales,Rosaceae,,Rosa gallica,IFNMG-Januária,,Cultivada,Andreza Coutinho e Mariane,,,,,,
Rosaceae R1,857,R1.5,Rosa gallica L.,Rosa vermelha,Antophyta,Magnoliopsida,Rosales,Rosaceae,,Rosa gallica L.,"R. Emília Magalhães, Cônego Marinho/MG",,Cultivada,"Adriele, Caroline, Hellen, Laires, Lairton, Neila, Willian,",,,,,,
Rosaceae R1,858,R1.6,Rosa chinesis,Rosa,Antophyta,Magnoliopsida,Rosales,Rosaceae,,Rosa chinesis,Pedras de Maria da Cruz/MG,,Cultivada,Natannia Oliveira de Souza,,,,,,
Rosaceae R1,859,R1.7,Rosa chineses,Mini Rosa,Antophyta,Magnoliopsida,Rosales,Rosaceae,,Rosa chineses L.,Faz. Lagoa Nova - Patis/MG,,Cultivada,Gabriella Rocha Gusmão,,,,,,
Rosaceae R1,860,R1.8,Rosa odorata,Mini Rosa,Antophyta,Magnoliopsida,Rosales,Rosaceae,,Rosa odorata,Raizama,,Cultivada,Juliana Pacheco,,,,,,
Rosaceae R1,861,R1.9,Rosa odorata,Mini Rosa,Antophyta,Magnoliopsida,Rosales,Rosaceae,,Rosa odorata,IFNMG-Januária,,Cultivada,Dayane Nunes Pereira,,,,,,
Rosaceae R1,862,R1.10,Rosa gallica L.,Rosa,Antophyta,Magnoliopsida,Rosales,Rosaceae,,Rosa gallica L.,IFNMG-Januária \MG,,Cultivada,Vitória Soares,,,,,,
Rosaceae R1,863,R1.11,Fragaria vesca L.,Morango,Antophyta,Magnoliopsida,Rosales,Rosaceae,,Vesca,Pandeiros - Januária/MG,,Cultivada,Geiciele da Silva Borges,,,,,,
Rosaceae R1,864,R1.12,Malus domestica,Maçã,Antophyta,Magnoliopsida,Rosales,Rosaceae,,domestica,IFNMG - campus Januária,,Cultivada,Avilson,,,,,,
Rosaceae R1,865,R1.13,Pyrus malus L. (Sinonimo de Malus),Maça,Antophyta,Magnoliopsida,Rosales,Rosaceae,,Pyrus malus L.,Januária - MG,,Cultivada,Flávia Lisboa,,,,,,
Rosaceae R1,866,R1.15,Rosa chinesis Jacq.,Rosa,Antophyta,Magnoliopsida,Rosales,Rosaceae,,Rosa chinesis Jacq.,Itacarambi - MG,,Cultivada,Milene,,,,,,
Rubiaceae R2,867,R2.1,Ixora coccinea,Ixora Vermelha,Antophyta,Magnolipsida,Gentianales,Rubiaceae,,Ixora coccinea,IFNMG - Januária MG MG,,Cultivada,Sara Tais,,,,,,
Rubiaceae R2,868,R2.2,Ixora coccinea,Ixora Vermelha,Antophyta,Magnolipsida,Gentianales,Rubiaceae,,Ixora coccinea,IFNMG - Januária MG,,Cultivada,Jéssica,,,,,,
Rubiaceae R2,869,R2.3,Ixora coccinea,Mini ixora amarela,Antophyta,Magnolipsida,Gentianales,Rubiaceae,,Ixora coccinea,IFNMG - Januária MG,,Cultivada,Erick Soares,,,,,,
Rubiaceae R2,870,R2.4,Richardia scabra,Poaia do Cerrado,Antophyta,Magnolipsida,Gentianales,Rubiaceae,,Richardia scabra,IFNMG - Januária MG,,Nativa,Arthur Ferreirra,,,,,,
Rubiaceae R2,871,R2.5,Ixora coccinea,Ixora Vermelha,Antophyta,Magnolipsida,Gentianales,Rubiaceae,,Ixora coccinea,IFNMG - Januária MG,,Cultivada,Milene Santos,,,,,,
Rubiaceae R2,872,R2.6,Ixora coccinea,Ixora Vermelha,Antophyta,Magnolipsida,Gentianales,Rubiaceae,,Ixora coccinea,R. prof Manuel Ambrósio - Januária MG,,Cultivada,Andreza Coutinho,,,,,,
Rubiaceae R2,873,R2.7,Ixora coccinea,Ixora Vermelha,Antophyta,Magnolipsida,Gentianales,Rubiaceae,,Ixora coccinea,IFNMG - Januária MG,,Cultivada,Vitória de Jesus,,,,,,
Rubiaceae R2,874,R2.8,Ixora coccinea,Ixora Vermelha,Antophyta,Magnolipsida,Gentianales,Rubiaceae,,Ixora coccinea,IFNMG - Januária MG,,Cultivada,Brenda,,,,,,
Rubiaceae R2,875,R2.9,Ixora coccinea,Ixora Vermelha,Antophyta,Magnolipsida,Gentianales,Rubiaceae,,Ixora coccinea,Praça Getulio Vargas - Januária MG,,Cultivada,"Neila, Caroline, Hellen, Adriele, Laires, Lairton, William.",,,,,,
Rubiaceae R2,876,R2.10,Ixora coccinea,Ixora Vermelha,Antophyta,Magnolipsida,Gentianales,Rubiaceae,,Ixora coccinea,Praça Tiradentes - Januária MG,,Cultivada,Manuela Gonçalves de Almeida,,,,,,
Rubiaceae R2,877,R2.11,Ixora coccinea,Ixora Vermelha,Antophyta,Magnolipsida,Gentianales,Rubiaceae,,Ixora coccinea,IFNMG - Januária MG,,Cultivada,Camila Lopo,,,,,,
Rubiaceae R2,878,R2.12,Ixora coccinea,Ixora Vermelha,Antophyta,Magnolipsida,Gentianales,Rubiaceae,,Ixora coccinea,"R. Coronel Cerrao - Centro, Januária MG.",,Cultivada,Umberto da Rocha Rodrigues,,,,,,
Rubiaceae R2,879,R2.13,Ixora coccinea,Ixora Vermelha,Antophyta,Magnolipsida,Gentianales,Rubiaceae,,Ixora coccinea,IFNMG - Januária MG,,Cultivada,Larissa Marinho,,,,,,
Rubiaceae R2,880,R2.14,Ixora coccinea,Ixora Vermelha,Antophyta,Magnolipsida,Gentianales,Rubiaceae,,Ixora coccinea,IFNMG - Januária MG,,Cultivada,João Vitor Ferreira,,,,,,
Rubiaceae R2,881,R2.15,Ixora coccinea,Ixora Vermelha,Antophyta,Magnolipsida,Gentianales,Rubiaceae,,Ixora coccinea,IFNMG - Januária MG,,Cultivada,Yaua Santos Silva,,,,,,
Rubiaceae R2,882,R2.16,Ixora coccinea,Ixora Vermelha,Antophyta,Magnolipsida,Gentianales,Ixora coccinea,,Ixora coccinea,IFNMG - Januária MG,,Cultivada,Ketley,,,,,,
Rubiaceae R2,883,R2.17,Ixora coccinea,Ixora Vermelha,Antophyta,Magnolipsida,Gentianales,Rubiaceae,,Ixora coccinea,Jaíba - MG,,Cultivada,Ana Júlia de Souza,,,,,,
Rubiaceae R2,884,R2.18,Richardia grandiflora,Ipeca Mirim,Antophyta,Magnolipsida,Gentianales,Rubiaceae,,Richardia grandiflora,Januária - MG,,Nativa,Carlos Gabriel,,,,,,
Rubiaceae R2,885,R2.19,Ixora coccinea,Ixora,,Magnolipsida,Gentianales,Ixora coccinea,,Ixora coccinea,IFNMG - Campus Januária,,Cultivada,Veronica de Fátima,,,,,,
Rubiaceae R2,886,R2.20,Ixora chinensis,Ixora,,Magnolipsida,Gentianales,Ixora,,Ixora chinensis,Januária - MG,,Cultivada,Tauana,,,,,,
Rubiaceae R2,887,R2.21,Genipa americana L.,Jenipapo,Antophyta,Magnolipsida,Gentianales,Rubiaceae,,Genipa americana L.,"Itacarambi, Comunidade Bom Retiro - MG",,Nativa,Andreza Coutinho,,,,,,
Rubiaceae R2,888,R2.22,Richardia brasiliensis,Richardia,Antophyta,Magnolipsida,Gentianales,Rubiaceae,,brasiliensis,"15°26'53.81""S 44°22'10.14""O",,Nativa,Tiago de Souza Rodrigues,,,,,,
Rubiaceae R2,889,R2.23,Genipa americana L.,Jenipapo,Antophyta,Magnolipsida,Gentianales,Rubiaceae,,americana L.,"15°18'2""S 44°23'11""W 590m",,Nativa,Wellerson Nunes,,,,,,
Rubiaceae R2,890,R2.24,Richardia scabra L.,Poaia do Cerrado,Antophyta,Magnolipsida,Gentianales,Rubiaceae,,scabra L.,IFNMG- Campus Januária,,Nativa,Paula Vitória Santos Alkmin,,,,,,
Rubiaceae R2,891,R2.25,Genipa americana,Jenipapeiro,Antophyta,Magnolipsida,Gentianales,Rubiaceae,,americana,"-15,424466, -44,402095",,Nativa,Cyrus Pereira Araújo,,,,,,
Rubiaceae R2,892,R2.26,Ixora coccinea,Ixora,Antophyta,Magnolipsida,Gentianales,Rubiaceae,,Ixora coccinea,IFNMG - Januária,,Cultivada,Desconhecido,,,,,,
Rubiaceae R2,893,R2.27,Genipa americana,Jenipapo,Antophyta,Magnolipsida,Gentianales,Rubiaceae,,americana,"LAT.S: 15°28'45"" e LONG.O: 44°22'10""",,Nativa,Pedro Mateus Farias,,,,,,
Rubiaceae R2,894,R2.27,Ixora coccinea,,,,,,,,Riacho da cruz -15.347591 -44.238003,,Cultivada,Everton,,,,,,
Rubiaceae R2,895,R.28,Genipa americana,,,,,,,,15º27`11.4`S -44º22`13.1`W,,,Laressa Gomes,,,,,,
Rutaceae R3,896,R3.1,Citrus limonum Risso,Limão Galego,Antophyta,Magnoliopsida,Sapindales,Rutaceae,,Citrus limonum Risso,IFNMG - Januária - MG,,Cultivada,Gabriel Cardoso,,,,,,
Rutaceae R3,897,R3.2,Citrus sinensis,Laranja,Antophyta,Magnoliopsida,Sapindales,Rutaceae,,Citrus sinensis,IFNMG - Januária - MG,,Cultivada,José Mourão,,,,,,
Rutaceae R3,898,R3.3,Murray paniculata (L.) Jack,Murta de Cheiro,Antophyta,Magnoliopsida,Sapindales,Rutaceae,,Murray paniculata (L.) Jack,IFNMG - Januária - MG,,Cultivada,Ana Flávia,,,,,,
Rutaceae R3,899,R3.4,Citrus limonia,Limão Cravo,Antophyta,Magnoliopsida,Sapindales,Rutaceae,,Citrus limonia,"Fazenda Yamado, Projeto Jaíba - MG",,Cultivada,Mariane Gonçalves Oliveira,,,,,,
Rutaceae R3,900,R3.5,Murray paniculata (L.) Jack,Murta de Cheiro / Murta dos Jardins,Antophyta,Magnoliopsida,Sapindales,Rutaceae,,Murray paniculata (L.) Jack,"R: Padre Ramiro, 7 Centro. Januária - MG",,Cultivada,Caroline,,,,,,
Rutaceae R3,901,R3.6,Citrus limon,Limão Siciliano,Antophyta,Magnoliopsida,Sapindales,Rutaceae,,Citrus limon,Restaurante Babalú- Janúaria - MG,,Cultivada,Elane Cristina de Souza Santos,,,,,,
Rutaceae R3,902,R3.7,Citrus limonum Risso,Limão Galego,Antophyta,Magnoliopsida,Sapindales,Rutaceae,,Citrus limonum Risso,Itacarambi - MG,,Cultivada,Lucas Monteiro Aguiar,,,,,,
Rutaceae R3,903,R3.8,Citrus latifolia,Limão Taiti,Antophyta,Magnoliopsida,Sapindales,Rutaceae,,Citrus latifolia,Januária - MG,,Cultivada,Flávia Lisboa,,,,,,
Rutaceae R3,904,R3.9,Citrus aurantifolia,Laranja lima,Antophyta,Magnoliopsida,Sapindales,Rutaceae,,aurantifolia,"Fazenda lagoa Nova, Patis - MG",,Cultivada,Ketley,,,,,,
Rutaceae R3,905,R3.10,Citrus limon,,Antophyta,Magnoliopsida,Sapindales,Rutaceae,,Citrus limon,Manga - MG,,Cultivada,Widy,,,,,,
Rutaceae R3,906,R3.11,Citrus latifolia,Limão Taiti,Antophyta,Magnoliopsida,Sapindales,Rutaceae,,Citrus latifolia,IFNMG - Campus Januária MG,,Cultivada,Guilherme Cangussu,,,,,,
Scrophulariaceae S1,907,S1.1,Leucophyllum frutescens,Folha de Prata \ Chuva de Prata,Antophyta,Magnoliopsida,Lamiales,Scrophulariaceae,,Leucophyllum frutescens,"Praça Getúlio Vargas, Janúaria - MG",,Cultivada,Marcos,,,,,,
Scrophulariaceae S1,908,S1.2,Leucophyllum frutescens,Folha de Prata \ Chuva de Prata,Antophyta,Magnoliopsida,Lamiales,Scrophulariaceae,,Leucophyllum frutescens,"Praça Getúlio Vargas, Janúaria - MG",,Cultivada,Lucas Alves Ferreira,,,,,,
Scrophulariaceae S1,909,S1.3,Leucophyllum frutescens,Folha de Prata \ Chuva de Prata,Antophyta,Magnoliopsida,Lamiales,Scrophulariaceae,,Leucophyllum frutescens,Januária MG,,Cultivada,Higor Amauri,,,,,,
Scrophulariaceae S1,910,S1.4,Leucophyllum frutescens,Folha de Prata \ Chuva de Prata,Antophyta,Magnoliopsida,Lamiales,Scrophulariaceae,,Leucophyllum frutescens,"Praça Getúlio Vargas, Janúaria - MG",,Cultivada,Jaqueline,,,,,,
Scrophulariaceae S1,911,S1.5,Leucophyllum frutescens,Folha de Prata \ Chuva de Prata,Antophyta,Magnoliopsida,Lamiales,Scrophulariaceae,,Leucophyllum frutescens,"Praça Getúlio Vargas, Janúaria - MG",,Cultivada,Lara Orrany,,,,,,
Scrophulariaceae S1,912,S1.6,Buddleja cordata,Folha de Prata \ Chuva de Prata,Antophyta,Magnoliopsida,Lamiales,Scrophulariaceae,,Buddleja cordata,Januária MG,,Cultivada,Higor,,,,,,
Scrophulariaceae S1,913,S1.7,Leucophyllum frutescens,Folha de Prata \ Chuva de Prata,Antophyta,Magnoliopsida,Lamiales,Scrophulariaceae,,Leucophyllum frutescens,Januária MG,,Cultivada,Camila Lopo,,,,,,
Sapindaceae S2,914,S2.1,Sapindus Saponari,Saboneteira,Antophyta,Magnoliopsida,Sapindales,Sapindaceae,,Saponari,IFNMG- Campus Januária.,,Nativa,Higor Amarin,,,,,,
Sapindaceae S2,915,S2.2,Magonia pubescens,Tingui,Antophyta,Magnoliopsida,Sapindales,Sapindaceae,,Pubescens,Bonito de Minas-MG,,Nativa,Camila Lopo,,,,,,
Sapindaceae S2,916,S2.3,Paullinia pinnata,Serjania,Antophyta,Magnoliopsida,Sapindales,Sapindaceae,,Pinata,Feira da Mata-BA,,Exótica,Camila Lopo,,,,,,
Sapindaceae S2,917,S2.4,Serjania lethalis,"Cipó uva, Cipó Timbo",Antophyta,Magnoliopsida,Sapindales,Sapindaceae,,Lethalis,"Umbuzeiro, Lontra-MG",,Nativa,Aline R. Cordeiro,,,,,,
Sapindaceae S2,918,S2.5,Serjania lethalis,Cipó timbro,Antophyta,Magnoliopsida,Sapindales,Sapindaceae,,Serjania lethalis,Brejo - Januária MG,,,Rayane da Silva Rocha,,,,,,
Sapindaceae S2,919,S2.6,Paullinia pinnata,Cipo Timbo,Antophyta,Magnoliopsida,Sapindales,Sapindaceae,,Paullinia pinnata,Januária MG,,,Veronica de Fátima,,,,,,
Sapindaceae S2,920,S2.7,Paullinia pinnata,Cipo Timbo,Antophyta,Magnoliopsida,Sapindales,Sapindaceae,,Paullinia pinnata,Bonito de Minas - MG,,,Samara,,,,,,
Sapindaceae S2,921,S2.8,Serjania lethalis,Tequiri,Antophyta,Magnoliopsida,Sapindales,Sapindaceae,,Serjania lethalis,IFNMG- Campus Januária.,,,Lucas Figueiredo,,,,,,
Sapindaceae S2,922,S2. 9,Dilodendron bipinnatum,Maria-pobre,Antophyta,Magnoliopsida,Sapindales,Sapindaceae,,Dilodendron bipinnatum,15º 26' 49.28''S 44º 24' 39.1'' W 552 m,,Nativa,Wellerson Nunes,,,,,,
Sapindaceae S2,923,S2.10,Talisia esculenta,Pitomba,Antophyta,Magnoliopsida,Sapindales,Sapindaceae,,esculenta,"14º39'13.674S 44º0'17.256""W",,Nativa,Ana Maria da Silva Andrade,,,,,,
Sapindaceae S2,924,S2.11,Serjania lethalis,Cipó timbro,Antophyta,Magnoliopsida,Sapindales,Sapindaceae,,lethalis,Januária MG,,Nativa,Nivia Alves da Silva,,,,,,
Sapindaceae S2,925,S2.12,Magonia pubescens,Tingui,Antophyta,Magnoliopsida,Sapindales,Sapindaceae,,Pubescens,LAST.S 15°26'49'' e LONG.O 44°24'20'',,Nativa,Pedro Mateus Farias,,,,,,
Sapindaceae S2,926,S2.13,Dilodendron bipinnatum,Maria-pobre,Antophyta,Magnoliopsida,Sapindales,Sapindaceae,,bipinnatum,"LAT.S: 15°26'48"" e LONG.O: 44°24'38""",,Nativa,Pedro Mateus Farias,,,,,,
Sapindaceae S2,927,S2.14,Talisia esculenta,,,,,,,,"IFNMG - Campus Januária (-14.950, -44.216)",,,Reinaldo Bispo,,,,,,
Sapindaceae S2,928,S2.15,Magonia pubescens,Tingui,,,,,,,"15º26,43`S -44º24,13`W 554m",,,Ernando dos Santos de Oliveira,,,,,,
Sapindaceae S2,929,S2.16,Magonia pubescens,,,,,,,,"15º26, 49-28`S 44º24, 3211` W 552m",,,Maria Eduarda,,,,,,
Strelitziaceae S3,930,S3.1,Strelitzia regina Aiton,Ave do Paraíso,Antophyta,Liliopsida,Zingiberales,Strelitziaceae,,Strelitzia regina Aiton,"Barão de São Romão, Januária-MG",,Exótica,Victor Campos,,,,,,
Strelitziaceae S3,931,S3.2,Strelitzia regina Aiton,"Ave do Paraíso, Estrelicia",Antophyta,Liliopsida,Zingiberales,Strelitziaceae,,Strelitzia regina Aiton,IFNMG-Campus Januária,,Exótica,Camila Lopo,,,,,,
Strelitziaceae S3,932,S3.3,strelitzia regina Aiton,Ave do Paraiso,Antophyta,Liliopsida,Zingiberales,Strelitziaceae,,strelitzia regina Aiton,Desconhecido,,,João Vitor Ferreira,,,,,,
Solanaceae S4,933,S4. 1,Solanum paniculatum L.,Jurubeba,Antophyta,Magnoliopsida,Solanales,Solanaceae,,Solanum paniculatum L.,IFNMG - Januária MG,,,Arthur Ferreira,,,,,,
Solanaceae S4,934,S4.2,Solanum paniculatum L.,Jurubeba,Antophyta,Magnoliopsida,Solanales,Solanaceae,,Solanum paniculatum L.,"R: 8, N° 28, Januária - MG",,,Caroline,,,,,,
Solanaceae S4,935,S4.3,Solanum laciniatum,Maça de canauru,Antophyta,Magnoliopsida,Solanales,Solanaceae,,Solanum laciniatum,"R: Amazonas, Lontra - MG",,,Jessica Mendes,,,,,,
Solanaceae S4,936,S4.4,Capsicum annuum,Pimenta,Antophyta,Magnoliopsida,Solanales,Solanaceae,,Capsicum annuum,São João da Ponte - MG,,,Keity Milena,,,,,,
Solanaceae S4,937,S4.5,Capsicum annuum,Pimentinha caiena,Antophyta,Magnoliopsida,Solanales,Solanaceae,,Capsicum annuum,"R: Emilio Magalhães, 1254. Januária - MG",,,Adriele,,,,,,
Solanaceae S4,938,S4.6,Solanum pimpiellifolium L.,Tomate Cereja,Antophyta,Magnoliopsida,Solanales,Solanaceae,,Solanum pimpiellifolium L.,"Curral Velho, São Francisco - MG",,,Renata Almeida,,,,,,
Solanaceae S4,939,S4.7,Solanum lycopersicum L.,Tomate,Antophyta,Magnoliopsida,Solanales,Solanaceae,,Solanum lycopersicum L.,Desconhecido,,,Janaína Ferreira,,,,,,
Solanaceae S4,940,S4.8,Solanum americanum,Maria-Pretinha,Antophyta,Magnoliopsida,Solanales,Solanaceae,,Solanum americanum,Bonito de Minas - MG,,,Eduardo Gomes,,,,,,
Solanaceae S4,941,S4.9,Solanum frutescens L.,Pimenta Malagueta,Antophyta,Magnoliopsida,Solanales,Solanaceae,,Solanum frutescens L.,Desconhecido,,,José Mourão,,,,,,
Solanaceae S4,942,S4.10,Solanum lycopersicum L.,Tomate,Antophyta,Magnoliopsida,Solanales,Solanaceae,,Solanum lycopersicum L.,IFNMG - Januária MG,,,Gabriel Vitor,,,,,,
Solanaceae S4,943,S4.11,Solanum paniculatum L.,Jurubeba,Antophyta,Magnoliopsida,Solanales,Solanaceae,,Solanum paniculatum L.,IFNMG - Januária MG,,,Camila Lopo,,,,,,
Solanaceae S4,944,S4.12,Solanum paniculatum L.,Jurubeba,Antophyta,Magnoliopsida,Solanales,Solanaceae,,Solanum paniculatum L.,"Fazenda Lagoa Nova, Patis - MG",,,Gabryella Rocha Gusmão,,,,,,
Solanaceae S4,945,S4.13,Capsicum annuum,Pimenta,Antophyta,Magnoliopsida,Solanales,Solanaceae,,Capsicum annuum,Januária - MG,,,Juliana Durães,,,,,,
Solanaceae S4,946,S4.14,Solanum lycopersicum L.,Tomate,Antophyta,Magnoliopsida,Solanales,Solanaceae,,Solanum lycopersicum L.,Jaíba/MG,,Cultivada,Ana Julia de Souza,,,,,,
Solanaceae S4,947,S4.15,Solanum lycocarpum,Lobeira,Antophyta,Magnoliopsida,Solanales,Solanaceae,,Solanum lycocarpum,Januária - MG,,,Samara Arcanjo,,,,,,
Solanaceae S4,948,S4.16,Solanum paniculatum L.,Jurubeba,Antophyta,Magnoliopsida,Solanales,Solanaceae,,Solanum paniculatum L.,Comunidade remanescente quilombola de Tabua,,,Ana Carolina Silva Braga,,,,,,
Solanaceae S4,949,S4.17,Solanum paniculatum L.,Jurubeba,Antophyta,Magnoliopsida,Solanales,Solanaceae,,Solanum paniculatum L.,Januária - MG,,,Veronica de Fátima,,,,,,
Solanaceae S4,950,S4.18,Solanum lycopersicum L.,Tomate,Antophyta,Magnoliopsida,Solanales,Solanaceae,,Solanum lycopersicum L.,Riacho da Cruz - Januária - MG,,,Carlos Gabriel Lopes Santos,,,,,,
Solanaceae S4,951,S4.19,Solanum lycocarpum,Lobeira,Antophyta,Magnoliopsida,Solanales,Solanaceae,,Solanum lycocarpum,IFNMG - Campus Januária,,,Lucas Figueiredo,,,,,,
Solanaceae S4,952,S4.20,Solanum lycopersicum L.,Tomate,Antophyta,Magnoliopsida,Solanales,Solanaceae,,Solanum lycopersicum L.,Desconhecido,,,Tauana,,,,,,
Solanaceae S4,953,S4.21,Solanum lycopersicum var. cerasiforme,Tomate cereja,Antophyta,Magnoliopsida,Solanales,Solanaceae,,Solanum lycopersicum var. cerasiforme,Jaíba - MG,,,Guilherme Cangussu,,,,,,
Solanaceae S4,954,S4.22,Solanum mauritianum,Jurubeba,Antophyta,Magnoliopsida,Solanales,Solanaceae,,mauritianum,15º 27' 6.29'' S 44º 21' 54.26'' O Fruticultura IFNMG Campus Januária,,Nativa,Tiago de Souza Rodrigues,,,,,,
Solanaceae S4,955,S4.23,Solanum paniculatum L.,Jurubeba,Antophyta,Magnoliopsida,Solanales,Solanaceae,,Solanum paniculatum L.,"15°27'05""S 44°21'57""W 476m",,Nativa,Wellerson Nunes,,,,,,
Solanaceae S4,956,S4. 24,Solanum paniculatum L.,Jurubeba,Antophyta,Magnoliopsida,Solanales,Solanaceae,,Solanum paniculatum L.,"15°27'05""S 44°21'57""W 476m",,Nativa,Ernando Santos de Oliveira,,,,,,
Solanaceae S4,957,S4.25,Solanum frutescens L.,Pimenta malagueta,Antophyta,Magnoliopsida,Solanales,Solanaceae,,frutescens L.,Riacho da Cruz - Januária - MG,,Nativa,Paula Vitória Santos Alkmin,,,,,,
Solanaceae S4,958,S4.26,Solanum paniculatum L.,Jurubeba,Antophyta,Magnoliopsida,Solanales,Solanaceae,,paniculatum L.,IFNMG- Campus Januária MG,,Nativa,Nivia Alves da Silva,,,,,,
Solanaceae S4,959,S4.27,Solanum mauritianum,Fumo bravo,Antophyta,Magnoliopsida,Solanales,Solanaceae,,mauritianum,"-15,3648241, -44,2654647",,Nativa,Kaio Rodrigues da Silva,,,,,,
Solanaceae S4,960,S4.28,Capsicum frutescens L.,Pimenta malagueta,Antophyta,Magnoliopsida,Solanales,Solanaceae,,frutescens L.,"14°39'16,656''S 44°0'9,612''W",,Nativa,Elaine Cristina Santos Almeida,,,,,,
Solanaceae S4,961,S4.29,Solanum paniculatum L.,Jurubeba,Antophyta,Magnoliopsida,Solanales,Solanaceae,,paniculatum L.,,,,Gustavo Brito,,,,,,
Solanaceae S4,962,S4.30,Capsicum frutescens,Pimenta Malageta,,,,,,,,,,Gustavo Brito,,,,,,
Solanaceae S4,963,S4.31,Solanum paniculatum L.,Jurubeba,Anthophyta,Magnoliopsida,Solanales,Solanaceae,,paniculatum L.,"LAT.S: 15°27'8"" e LONG.O: 44°22'12""",,Nativa,Pedro Mateus,,,,,,
Solanaceae S4,964,S4. 32,Solanum lycopersicum,Tomateiro,Anthophyta,Magnoliopsida,Solanales,Solanaceae,,lycopersicum,IFNMG - Januária,,Cultivada,Desconhecido,,,,,,
Solanaceae S4,965,S4. 33,Solanum melongena L.,Berinjela,Anthophyta,Magnoliopsida,Solanales,Solanaceae,,melongena L.,IFNMG - Januária,,Cultivada,Desconhecido,,,,,,
Solanaceae S4,966,S4.34,Solanum viarum,Joá-bravo,Anthophyta,Magnoliopsida,Solanales,Solanaceae,,viarum,LAT.S 15°28'10'' e LONG.O 44°21'55'',,Nativa,Tiago Emanoel de Castro Sales,,,,,,
Santalaceae S5,967,S5.1,Viscum eoloratum,Viscum coloratum,Antophyta,Magnoliopsida,santalales,Santalaceae,,Viscum eoloratum,"Vila Jadete, Januária/MG",,,Eduardo Gomes Leite,,,,,,
Verbenaceae V1,968,V1.1,Rubus ulmiflius,Amora negra,Antophyta,Magnoliopsida,Rosales,Verbenaceae,,Rubus ulmifolius Schott,Brejo do amparo - Januária MG,,Cultivada,Jaqueline,,,,,,
Verbenaceae V1,969,V1.2,Glandularia hybrida,Rosa falsa verbena,Antophyta,Magnoliopsida,Rosales,Verbenaceae,,Glandularia × hybrida,IFNMG - Januária MG,,Cultivada,Maria Cecilia,,,,,,
Verbenaceae V1,970,V1.3,Glandularia tenera (spreng),Onze horas (cor rosa),Antophyta,Magnoliopsida,Rosales,Verbenaceae,,Glandularia tenera (spreng),IFNMG - Januária MG,,Nativa,Mirelle Aléxia,,,,,,
Verbenaceae V1,971,V1.4,Glandularia canadensis,Rosa falsa verbena,Antophyta,Magnoliopsida,Rosales,Verbenaceae,,Glandularia canadensis,Bonito de Minas - MG,,Exótica,Juliana,,,,,,
Verbenaceae V1,972,V1.5,Congea tomentosa,Côngea,Antophyta,Magnoliopsida,Rosales,Verbenaceae,,Congea tomentosa,Januária - MG,,Exótica,Igor Francisco,,,,,,
Verbenaceae V1,973,V1.6,Glandularia hybrida,Verbena ( cor amarelo e vermelho),Antophyta,Magnoliopsida,Rosales,Verbenaceae,,Glandularia × hybrida,Januária - MG,,Cultivada,Arthur Ferreira,,,,,,
Verbenaceae V1,974,V1.7,Congea tomentosa,Côngea,Antophyta,Magnoliopsida,Rosales,Verbenaceae,,Congea tomentosa,Januária - MG,,Exótica,Ana Clara Ribeiro,,,,,,
Verbenaceae V1,975,V1.8,Lantana camara,Lantana ou cambará,Antophyta,Magnoliopsida,Rosales,Verbenaceae,,Lantana camara ssp. aculeata,IFNMG - Januária MG,,Naturalizada,Lucas Alves Ferreira,,,,,,
Verbenaceae V1,976,V1.9,Duranta erecta L.,Pingo de ouro,Antophyta,Magnoliopsida,Rosales,Verbenaceae,,Duranta erecta L.,"R. Dois, Clube Jussara - Januária - MG",,Naturalizada,Marlon César Lopes Rodrigues,,,,,,
Verbenaceae V1,977,V1.10,Verbena rígida Spreny.,Erva-arame,Antophyta,Magnoliopsida,Rosales,Verbenaceae,,Verbena rígida Spreny.,IFNMG-Januária,,Nativa,Manuela Gonçalves de Almeida,,,,,,
Verbenaceae V1,978,V1.11,Lantana camara L.,Camaradinha,Antophyta,Magnoliopsida,Rosales,Verbenaceae,,Lantana camara L.,"-15.48185, -44,35202",,Naturalizada,Desconhecido,,,,,,
Verbenaceae V1,979,V1.12,Petrea Yolubilis,Flor de São Miguel,Antophyta,Magnoliopsida,Rosales,Verbenaceae,,Petrea Yolubilis,São João das Missões,,Nativa,Fábio,,,,,,
Verbenaceae V1,980,V1.13,Verbena cilata Otto ex sweet,Erva de ferro,Antophyta,Magnoliopsida,Rosales,Verbenaceae,,Verbena cilata Otto ex sweet,IFNMG-Januária,,Nativa,Isadora Viana,,,,,,
Verbenaceae V1,981,V1.14,Lippia Alba,Erva-cidreira Brasileira,Antophyta,Magnoliopsida,Rosales,Verbenaceae,,Lippia Alba,"Barreiro, Januária/MG",,Nativa,Matheus L. Brito,,,,,,
Verbenaceae V1,982,V1.15,Glandularia piruviana L.,Glandularia,Antophyta,Magnoliopsida,Rosales,Verbenaceae,,Glandularia piruviana L.,IFNMG-Januária,,Nativa,João Vitor de Castro Viana,,,,,,
Verbenaceae V1,983,V1.16,Duranta erecta,Pingo-de-ouro,Antophyta,Magnoliopsida,Rosales,Verbenaceae,,Duranta erecta L.,Pedras de Maria da Cruz/MG,,Naturalizada,Natannia Oliveira de Souza,,,,,,
Verbenaceae V1,984,V1.17,Lippia Alba,Erva-cidreira,Antophyta,Magnoliopsida,Rosales,Verbenaceae,,Lippia Alba,Pedras de Maria da Cruz,,Nativa,Natannia Oliveira de Souza,,,,,,
Verbenaceae V1,985,V1.18,Lantana camara,Camará,Antophyta,Magnoliopsida,Rosales,Verbenaceae,,Lantana camara,Desconhecido,,Naturalizada,Kayan Luna,,,,,,
Verbenaceae V1,986,V1.19,Glandularia piruviana (L.) Samll,Glandularia,Antophyta,Magnoliopsida,Rosales,Verbenaceae,,Glandularia piruviana (L.) Samll,IFNMG-Januária,,Nativa,Larissa Marinho,,,,,,
Verbenaceae V1,987,V1.20,Lippia alba,Erva cidreira,Antophyta,Magnoliopsida,Rosales,Verbenaceae,,Lippia alba,Comunidade remanescente quilombola de Tabua.,,Nativa,Ana Carolina Silva Braga,,,,,,
Verbenaceae V1,988,V1.21,Lantana camara,Cambará,Antophyta,Magnoliopsida,Rosales,Verbenaceae,,Lantana camara,IFNMG - Campus Januária,,Naturalizada,Veronica de Fátima,,,,,,
Verbenaceae V1,989,V1.22,Lantana montevidensis,Lantana rasteira,Antophyta,Magnoliopsida,Rosales,Verbenaceae,,Lantana montevidensis,Riacho da Cruz,,Nativa,Istefany de Souza,,,,,,
Verbenaceae V1,990,v1.23,Aloysia gratissima,Erva de nossa Senhora,Antophyta,Magnoliopsida,Rosales,Verbenaceae,,Aloysia gratissima,IFNMG - Campus Januária MG,,Nativa,Ana Clara Alves Matos,,,,,,
Verbenaceae V1,991,V1.24,Aloysia gratissima,Alfazema-do-Brasil,Antophyta,Magnoliopsida,Rosales,Verbenaceae,,gratissima,"15°26'41.58""S 44°22'11.31""O",,Nativa,Tiago de Souza Rodrigues,,,,,,
Verbenaceae V1,992,V1.25,Duranta repens,,,,,,,,-15º28`25.3` S -44º21`52.3` W,,,Laressa Gomes,,,,,,
Vochysiaceae V2,993,V2.1,Vochysia ruea,Quina Doce\ Pau Doce,Antophyta,Magnoliopsida,Myrtales,Vochysiaceae,,Vochysia rufa ssp. rufa,Januária\MG,,Nativa,Alcides Fernades,,,,,,
Vitaceae V3,994,V3.1,Cissus verticillata,Insulina Vegetal,Antophyta,Magnoliopsida,Vitales,Vitaceae,,Cissus verticillata (L.) Nicolson & C.E.Jarvis,Januária-MG,,Nativa,Elane Cristina S. Santos,,,,,,
Vitaceae V3,995,V3.2,Cissus verticillata,Videira,Antophyta,Magnoliopsida,Vitales,Vitaceae,,Cissus verticillata,IFNMG - Campus Januária MG,,Nativa,Guilherme Cangussu,,,,,,
Turneraceae T1,996,T1.1,Turnera subulata S.M,Flor do Guarujá,Antophyta,Magnoliopsida,Malpighiales,Turneraceae,,Turnera subulata J.E.Sm.,"R. Coronel Serrão, Centro - Januária/MG",,,Umberto da Rocha Rodrigues,,,,,,
Turneraceae T1,997,T1.2,Turnera umifolia L.,Flor do Guarujá,Antophyta,Magnoliopsida,Malpighiales,Turneraceae,,Turnera ulmifolia L.,R. Nossa senhora Aparecida - Lontra/MG,,,Jéssica Mendes da Silva,,,,,,
